N,P,K,temperature,humidity,ph,label
24,128,196,22.75088787,90.69489172,5.521466996,Poor
7,144,197,23.8494014,94.34814995,6.133220586,Poor
14,128,205,22.60800988,94.58900601,6.226289556,Poor
8,120,201,21.18667419,91.13435689,6.321152192,Poor
20,129,201,23.41044706,91.69913296,5.587905967,Poor
32,137,204,22.86006627,93.12859895,5.824151693,Poor
27,139,205,22.48403042,93.40819246,5.772179946,Poor
0,123,205,22.02775403,92.96129462,5.790993052,Poor
22,144,196,21.91191314,91.68748063,6.499226821,Poor
1,124,199,23.71059131,93.27392415,5.658473817,Poor
30,122,197,21.37784654,92.72043743,5.573241391,Poor
29,121,196,22.84852833,94.32130209,6.079497202,Poor
13,126,204,23.1094265,92.79630809,6.383180271,Poor
9,139,199,23.25230817,94.54128292,5.867420996,Poor
0,133,200,23.67287749,90.4935574,5.708418722,Poor
30,143,199,23.76881552,90.59810302,5.7983508,Poor
36,140,198,23.34386401,91.47684705,6.28188384,Moderate
37,137,199,22.63946441,90.18451645,5.697945522,Poor
33,121,203,22.45696744,94.76285385,5.605934087,Poor
7,144,195,22.96388477,93.58065995,5.85648105,Poor
35,128,205,21.07273439,93.56585985,6.041053829,Moderate
29,128,198,22.44075021,92.70785115,5.685062404,Poor
2,143,196,22.71271308,90.45261746,5.669489065,Poor
34,140,198,21.70416965,93.44006288,5.751707342,Poor
29,144,204,22.43324518,92.48667725,5.800448951,Poor
32,141,203,21.25941052,92.84416234,5.821347769,Poor
13,144,197,22.9215706,94.89613443,6.28022267,Poor
25,143,198,22.81212536,91.51861705,6.027314401,Poor
9,137,200,21.12152071,90.6878768,5.636687393,Poor
6,144,198,21.11478672,90.31528693,5.559363609,Poor
37,126,196,23.59997268,90.97597665,5.596449493,Poor
2,120,203,23.12652652,94.71203306,5.893492999,Poor
11,143,197,22.98458907,93.3204487,5.875718516,Poor
10,141,201,22.12659387,90.97818277,6.386021424,Poor
24,142,202,22.53779727,91.48135786,5.710819862,Poor
23,138,195,22.49095104,91.70292746,5.795985716,Poor
18,125,204,22.35548159,94.47811755,6.046673619,Poor
13,121,196,22.20700989,93.50574163,6.443382913,Poor
26,122,202,22.44516988,94.73763514,5.617227184,Poor
28,123,202,22.76643029,92.12438519,6.442289294,Poor
26,121,201,22.19109412,90.02575116,6.162034371,Poor
21,137,196,23.6119202,91.70293849,5.812781806,Poor
21,135,198,23.86087054,94.92048112,5.765015126,Poor
5,144,205,21.42177231,92.62665309,6.184922574,Poor
2,123,205,22.36629253,90.78572467,5.739652177,Poor
15,133,199,23.99686172,91.61001707,5.824778636,Poor
31,130,198,21.80129837,92.73446667,5.554823557,Poor
25,143,200,23.80436344,92.80441624,6.024248787,Poor
16,143,204,23.71475278,91.53331177,5.631333387,Poor
19,122,202,23.34467359,90.37981478,5.811975094,Poor
10,125,196,22.31253665,90.03577124,5.730557448,Poor
20,139,202,23.50201428,92.21083961,5.66999105,Poor
28,123,198,23.46260321,91.45665004,5.682751473,Poor
28,136,200,23.06204373,92.39544055,6.245858905,Poor
2,131,199,22.47420512,91.22759742,6.017370134,Poor
2,140,197,22.69780133,92.82223419,5.53456749,Poor
27,138,201,23.66682067,93.90191078,5.952367662,Poor
30,127,204,22.50050273,92.45878335,6.126436584,Moderate
32,145,203,23.83053666,90.84422164,6.406818518,Moderate
29,139,205,23.64142354,93.74461474,6.155939453,Poor
26,126,195,21.41363812,92.99124545,5.878568981,Poor
40,136,202,22.85267372,94.5764581,5.935336308,Poor
6,124,200,22.98208095,93.84505029,5.971332179,Poor
35,138,200,21.19909519,90.80819418,5.67130617,Poor
17,136,196,23.87192332,90.49939035,5.882155988,Poor
33,134,205,21.0365275,94.33919546,6.08551916,Moderate
16,143,197,22.61711614,93.51978375,5.90402645,Poor
27,120,200,21.45278675,90.74531921,6.110218826,Poor
29,145,205,22.81227579,92.12992101,6.212302608,Poor
3,141,197,21.98141856,91.12719303,6.142803397,Poor
15,123,204,22.52709326,92.54780429,6.365972688,Poor
5,136,195,22.35628673,91.92360477,6.264202804,Poor
10,136,204,21.19852186,92.15595143,6.276198595,Poor
7,141,195,23.8812458,93.45067555,5.514253142,Poor
2,129,201,22.78234161,94.36803516,5.682343744,Poor
29,138,197,22.19055385,92.43764169,5.830892252,Poor
30,137,200,22.91430043,90.70475565,5.603413172,Poor
29,132,204,23.08950736,90.22507299,6.0967531,Poor
14,139,197,21.72484506,92.83975602,6.056529526,Poor
18,125,203,22.44307715,91.59234006,6.160267496,Poor
33,143,204,21.1316077,91.95769858,5.814434775,Poor
40,144,196,22.71750705,92.25479855,5.987262638,Poor
9,143,197,23.75033085,92.88160462,5.570020684,Poor
38,135,203,23.76121837,93.661643,5.965551311,Poor
28,130,196,22.13450646,94.67695747,6.062356467,Poor
35,142,203,21.17089176,90.23730166,5.895319002,Poor
12,129,205,22.36238282,91.15761594,6.119432215,Poor
1,135,203,22.77856513,92.70124029,5.624203283,Poor
0,145,205,21.22503442,90.09877774,5.52078314,Poor
31,121,201,23.15791104,90.34396882,5.731535258,Poor
35,131,203,22.42776057,93.91722423,5.893490899,Poor
29,140,195,23.64082979,90.95257927,5.560521058,Poor
33,138,198,22.29423493,90.69033986,6.222390798,Moderate
14,140,197,23.35225078,90.90054697,6.071255131,Poor
35,145,195,22.03911546,94.58075845,6.231950009,Moderate
40,120,197,23.80593812,92.48879468,5.889480679,Poor
25,132,198,22.31944084,90.85174383,5.732757516,Poor
31,137,196,22.14464104,93.82567435,6.400321212,Moderate
36,144,196,23.65167552,94.50528753,6.496934492,Moderate
10,140,197,22.16939473,90.27185592,6.229498836,Poor
91,94,46,29.36792366,76.24900101,6.149934034,Poor
105,95,50,27.33368994,83.67675197,5.849076099,Poor
108,92,53,27.40053601,82.96221306,6.276800323,Poor
86,76,54,29.3159075,80.11585705,5.926824754,Poor
80,77,49,26.05433004,79.39654531,5.519088423,Poor
93,94,53,25.86632408,84.42379269,6.079178788,Poor
90,92,55,27.00932084,80.18546798,6.13465588,Poor
108,89,53,29.55054817,78.06762846,5.808497604,Poor
108,88,55,26.28845991,83.390039,5.891458107,Poor
105,77,52,29.16226551,76.16151562,5.816622479,Poor
118,88,52,28.65003945,82.68752542,5.843163161,Poor
101,87,54,29.07311132,76.50045221,6.376756633,Poor
95,75,50,28.08166093,75.26429821,5.623615687,Poor
106,85,53,27.1994597,78.8086068,5.91505509,Poor
86,95,49,28.05484146,78.04602887,6.458714879,Poor
83,79,55,25.14748006,83.34688193,5.565028635,Poor
85,95,47,25.94019018,78.3422098,6.211833161,Poor
109,79,45,27.66752761,79.68542782,6.490074429,Poor
100,76,45,25.56703012,75.94067692,5.590236025,Poor
117,86,48,28.6956201,82.54195839,6.225225239,Poor
114,94,53,26.33544853,76.8532006,6.190757459,Poor
110,78,50,25.93730186,78.89864446,5.915568968,Poor
94,70,48,25.13686519,84.88394407,6.195152442,Poor
80,71,47,27.50527651,80.79783998,6.156373499,Poor
114,79,51,26.21009246,82.34429458,6.313197204,Poor
88,78,45,29.10403455,79.19588629,6.324270089,Moderate
112,73,48,29.2440638,77.32017166,5.707488987,Poor
117,76,47,25.56202173,77.38229006,6.119216009,Poor
111,87,48,26.3985515,81.36028902,5.571401169,Poor
89,83,47,28.09577643,77.79586769,5.63127166,Poor
93,91,47,27.84767901,83.31110751,6.101241579,Poor
92,81,52,27.39341554,81.4654833,6.438137279,Poor
105,74,45,25.14517635,81.38204104,6.098369122,Poor
102,71,48,28.65456263,79.28693687,5.695267822,Poor
94,91,51,29.16093424,76.67484233,5.618094446,Poor
116,71,47,27.57278064,82.0638878,6.435785799,Poor
117,79,49,25.40909896,82.36208097,6.176644228,Poor
119,72,55,25.99069521,83.33983116,6.220643671,Poor
99,73,53,26.29039046,81.06003778,5.871702211,Poor
91,84,52,29.14827211,78.71024836,6.390741836,Poor
80,90,47,26.59743595,79.35898915,6.21084479,Poor
101,70,48,25.36059237,75.03193255,6.012696655,Poor
108,89,53,29.12036889,80.18080728,5.908770059,Poor
100,80,52,27.53911354,77.25629897,6.049801781,Poor
109,91,53,29.66727337,83.51014178,6.010095853,Poor
82,78,46,25.05802193,84.97323747,5.738678895,Poor
106,70,55,25.86824781,78.52399914,5.74055541,Poor
90,86,52,25.85036988,81.95580471,5.793260262,Poor
83,95,50,26.51682337,77.79913575,5.50947065,Poor
119,90,48,28.66725136,79.59242542,5.986442306,Poor
107,72,45,28.14938935,81.54448882,5.790768046,Poor
116,81,55,26.42313317,83.6995044,5.915546415,Poor
101,75,50,26.59386409,81.40740301,6.242528278,Poor
93,81,50,27.71822477,76.57853189,6.036079266,Poor
95,75,45,28.98333432,82.95958244,5.829898502,Poor
107,71,55,29.42017919,83.96754496,6.088064451,Poor
83,94,47,27.39872329,81.10523402,6.469370954,Poor
102,73,54,26.4020227,84.41007614,5.720726906,Poor
86,79,45,27.81251452,82.69285419,5.80766417,Poor
117,86,53,25.19640218,83.55829874,5.703381728,Poor
111,79,53,28.31193338,75.77363772,6.165001278,Poor
95,74,50,25.90113128,80.47152737,6.002481605,Poor
91,75,55,27.48612983,76.11239849,6.212369363,Poor
93,83,46,29.38254012,83.50423735,5.765308943,Poor
92,85,51,29.22118628,81.08183635,5.740764682,Poor
104,80,54,27.09062164,81.33506906,5.879119455,Poor
103,72,51,26.12643374,81.81365007,6.099478745,Poor
92,75,45,29.01207743,77.95192527,5.674403359,Poor
93,85,49,27.96799119,79.28625709,5.694243847,Poor
120,87,52,28.0764455,76.05522115,5.905494703,Poor
108,72,46,25.16278237,84.97849241,6.110844721,Poor
105,88,54,25.78749808,84.51194224,6.020445317,Poor
98,79,50,25.34119774,84.47321314,6.435917308,Poor
111,88,55,29.44795403,78.34971537,5.505393833,Poor
97,74,45,26.47522633,78.51833782,5.677719902,Poor
95,82,48,27.39489579,83.31172003,5.719014989,Poor
89,91,55,25.08347445,80.261731,6.275572298,Poor
89,85,55,26.6719835,76.48541655,6.275384607,Poor
118,88,51,25.44926208,79.49221962,6.201911642,Poor
101,92,45,28.22776705,80.6430384,5.758054257,Poor
99,92,47,28.1279509,77.48247073,6.323933647,Poor
82,77,46,28.9470467,82.1888998,5.901100841,Poor
90,86,55,27.96236771,84.15403614,5.644486582,Poor
95,88,52,28.00316034,78.90085998,6.235461772,Poor
104,73,46,29.1400919,80.1190228,6.28236237,Poor
102,73,52,27.9122104,83.36307683,6.356090905,Poor
100,74,52,25.43480512,81.53977797,5.837258235,Poor
94,89,48,28.55980972,84.51602322,5.653437902,Poor
99,70,46,26.59580783,82.99556744,5.727469947,Poor
112,87,48,27.19711623,77.3970629,6.200111068,Poor
117,82,45,25.29391516,79.29122198,5.614471478,Poor
96,86,51,29.90888522,76.98740841,6.257369799,Poor
113,85,45,27.94972463,76.63713353,6.037430836,Poor
105,93,46,25.01018457,78.76260938,5.760457558,Poor
85,89,51,29.21144871,84.70189923,6.158164422,Poor
108,94,47,27.35911627,84.54625006,6.387431383,Poor
92,81,52,28.0106804,76.52808057,5.891413895,Poor
110,71,54,28.67208915,82.20793613,5.725418961,Poor
82,75,55,27.34585147,78.4873835,6.281069505,Poor
117,81,53,29.50704598,78.20585613,5.507641778,Poor
70,40,45,22.676,90.05447735,5.54,Moderate
70,40,45,14.6,78.6122313,5.5,Moderate
70,40,45,23.562,89.65477771,5.4,Moderate
70,40,45,18.92,67.84960363,5.46,Moderate
70,40,45,12.5,73.29266307,5.38,Moderate
70,40,45,22.676,90.06460508,5.56,Moderate
70,40,45,10.38,80.73737602,5.4,Moderate
70,40,45,22.28,82.09678248,5.34,Moderate
70,40,45,23.562,89.70084966,5.56,Moderate
70,40,45,10.38,80.70974773,5.36,Moderate
70,40,45,10.38,80.73737602,5.38,Moderate
70,40,45,23.562,89.65477771,5.42,Moderate
70,40,45,21.704,88.30880018,5.52,Moderate
70,40,45,22.676,89.87614841,5.36,Moderate
70,40,45,23.106,88.65504457,5.64,Moderate
70,40,45,22.676,90.05777295,5.5,Moderate
70,40,45,23.106,88.57883343,5.36,Moderate
70,40,45,22.676,90.05695517,5.64,Moderate
70,40,45,23.106,88.68051659,5.58,Moderate
70,40,45,22.766,89.46363982,5.62,Moderate
70,40,45,22.766,89.46363982,5.58,Moderate
70,40,45,21.704,88.21811248,5.38,Moderate
70,40,45,22.676,89.87614841,5.32,Moderate
70,40,45,14.6,79.32597643,5.58,Moderate
70,40,45,21.704,88.30880018,5.62,Moderate
70,40,45,23.106,88.65003663,5.62,Moderate
70,40,45,23.106,88.71438602,5.44,Moderate
70,40,45,28.64818182,83.25757931,5.32,Moderate
70,40,45,23.106,88.68051659,5.56,Moderate
70,40,45,23.106,88.71438602,5.42,Moderate
70,40,45,22.676,90.05777295,5.48,Moderate
70,40,45,20.312,68.58282719,5.5,Moderate
70,40,45,22.676,90.05075977,5.66,Moderate
70,40,45,22.676,90.04683842,5.68,Moderate
70,40,45,22.676,90.01170101,5.4,Moderate
70,40,45,14.6,79.04950474,5.56,Moderate
70,40,45,23.106,88.67236968,5.68,Moderate
70,40,45,18.92,67.83308168,5.34,Moderate
70,40,45,22.676,90.01170101,5.44,Moderate
70,40,45,23.562,89.70084966,5.54,Moderate
70,40,45,14.6,78.5932864,5.32,Moderate
70,40,45,22.676,90.01170101,5.42,Moderate
70,40,45,23.106,88.65003663,5.6,Moderate
70,40,45,14.6,79.54944674,5.68,Moderate
70,40,45,22.766,89.46363982,5.5,Moderate
70,40,45,28.64818182,83.29065165,5.36,Moderate
70,40,45,23.106,88.67911116,5.54,Moderate
70,40,45,23.106,88.68240676,5.5,Moderate
70,40,45,22.766,89.4282372,5.42,Moderate
70,40,45,22.766,89.46363982,5.68,Moderate
70,40,45,23.562,89.5356819,5.36,Moderate
70,40,45,23.562,89.70084966,5.52,Moderate
70,40,45,22.676,90.06460508,5.6,Moderate
70,40,45,21.704,88.30880018,5.66,Moderate
70,40,45,23.562,89.70084966,5.6,Moderate
70,40,45,22.676,90.05777295,5.52,Moderate
70,40,45,23.562,89.70084966,5.58,Moderate
70,40,45,23.106,88.67629102,5.66,Moderate
70,40,45,23.562,89.7020327,5.62,Moderate
70,40,45,10.38,81.45943804,5.6,Moderate
70,40,45,23.562,89.70084966,5.5,Moderate
70,40,45,22.766,89.36827964,5.38,Moderate
70,40,45,22.676,90.06460508,5.62,Moderate
70,40,45,22.766,89.46363982,5.52,Moderate
70,40,45,23.562,89.69415914,5.68,Moderate
70,40,45,23.106,88.71438602,5.46,Moderate
70,40,45,22.766,89.46363982,5.66,Moderate
70,40,45,22.38,83.03318206,5.64,Moderate
70,40,45,22.766,89.32272675,5.34,Moderate
70,40,45,23.106,88.56706626,5.32,Moderate
70,40,45,22.28,82.15370912,5.44,Moderate
70,40,45,22.766,89.32272675,5.32,Moderate
70,40,45,12.5,73.27614112,5.36,Moderate
70,40,45,23.106,88.63879099,5.38,Moderate
70,40,45,22.766,89.46363982,5.48,Moderate
70,40,45,23.106,88.57883343,5.34,Moderate
70,40,45,10.38,81.17712832,5.56,Moderate
70,40,45,23.562,89.70084966,5.48,Moderate
70,40,45,20.312,68.58282719,5.4,Moderate
70,40,45,22.28,82.07505597,5.38,Moderate
70,40,45,22.766,89.46363982,5.6,Moderate
70,40,45,22.676,89.87614841,5.34,Moderate
70,40,45,22.676,90.06460508,5.58,Moderate
70,40,45,10.38,81.67857168,5.64,Moderate
70,40,45,27.86666667,83.41313717,5.44,Moderate
70,40,45,22.766,89.4282372,5.46,Moderate
70,40,45,23.562,89.5356819,5.34,Moderate
70,40,45,22.766,89.46363982,5.64,Moderate
70,40,45,14.6,78.6122313,5.48,Moderate
70,40,45,14.6,78.6122313,5.38,Moderate
70,40,45,22.38,83.00711291,5.48,Moderate
70,40,45,22.28,82.15571152,5.48,Moderate
70,40,45,10.38,80.73943246,5.46,Moderate
70,40,45,25.81818182,84.4775545,5.56,Moderate
70,40,45,21.704,88.30880018,5.5,Moderate
70,40,45,14.6,79.54944674,5.66,Moderate
70,40,45,22.28,82.15370912,5.46,Moderate
70,40,45,28.64818182,83.69891343,5.66,Moderate
70,40,45,10.38,80.73943246,5.5,Moderate
70,40,45,18.92,67.84960363,5.44,Moderate
70,40,45,22.38,83.0051105,5.44,Moderate
70,40,45,20.312,68.58282719,5.38,Moderate
70,40,45,23.562,89.5356819,5.32,Moderate
70,40,45,22.766,89.46363982,5.56,Moderate
70,40,45,21.704,88.30880018,5.58,Moderate
70,40,45,25.81818182,84.48622196,5.68,Moderate
70,40,45,28.64818182,83.63124269,5.62,Moderate
70,40,45,28.64818182,83.63124269,5.58,Moderate
70,40,45,18.92,67.85495208,5.6,Moderate
70,40,45,14.7,80.57930812,5.42,Moderate
70,40,45,22.676,90.01170101,5.46,Moderate
70,40,45,22.766,89.46363982,5.54,Moderate
70,40,45,20.312,68.58282719,5.62,Moderate
70,40,45,23.106,88.71438602,5.4,Moderate
70,40,45,23.562,89.69646792,5.64,Moderate
70,40,45,10.38,80.70974773,5.34,Moderate
70,40,45,21.704,88.30880018,5.64,Moderate
70,40,45,22.38,82.95124198,5.34,Moderate
70,40,45,21.704,88.27938727,5.4,Moderate
70,40,45,23.562,89.59563946,5.38,Moderate
70,40,45,22.28,82.20068652,5.56,Moderate
70,40,45,28.64818182,83.37681445,5.46,Moderate
70,40,45,14.6,79.04950474,5.54,Moderate
70,40,45,12.5,73.29266307,5.42,Moderate
70,40,45,23.562,89.65477771,5.44,Moderate
70,40,45,10.38,81.45943804,5.58,Moderate
70,40,45,18.92,67.98640238,5.68,Moderate
70,40,45,22.676,89.93610597,5.38,Moderate
70,40,45,23.106,88.68240676,5.48,Moderate
70,40,45,25.81818182,84.17886669,5.36,Moderate
70,40,45,23.562,89.69646792,5.66,Moderate
70,40,45,14.7,80.55167983,5.36,Moderate
70,40,45,10.38,81.67857168,5.68,Moderate
70,40,45,10.38,81.17712832,5.54,Moderate
70,40,45,22.28,82.150651,5.42,Moderate
70,40,45,10.38,81.67975806,5.62,Moderate
70,40,45,10.38,80.73943246,5.48,Moderate
70,40,45,14.6,78.6122313,5.52,Moderate
70,40,45,22.28,82.17020656,5.62,Moderate
70,40,45,21.704,88.30880018,5.48,Moderate
70,40,45,23.562,89.65477771,5.46,Moderate
70,40,45,22.766,89.32272675,5.36,Moderate
70,40,45,14.6,79.54629646,5.62,Moderate
70,40,45,22.38,83.00406903,5.5,Moderate
70,40,45,22.38,82.99690275,5.6,Moderate
70,40,45,14.6,79.32597643,5.6,Moderate
70,40,45,20.312,68.5658676,5.36,Moderate
70,40,45,14.6,79.54944674,5.64,Moderate
70,40,45,10.38,80.73943246,5.44,Moderate
70,40,45,14.7,81.01898928,5.54,Moderate
70,40,45,21.704,88.27938727,5.46,Moderate
70,40,45,22.766,89.4282372,5.4,Moderate
70,40,45,23.106,88.68240676,5.52,Moderate
70,40,45,12.5,73.29266307,5.4,Moderate
70,40,45,14.6,78.5932864,5.36,Moderate
70,40,45,20.312,68.5658676,5.32,Moderate
70,40,45,12.5,73.29266307,5.46,Moderate
70,40,45,14.7,80.57930812,5.52,Moderate
70,40,45,14.6,78.6122313,5.42,Moderate
70,40,45,28.64818182,83.66603896,5.5,Moderate
70,40,45,22.38,83.00077343,5.54,Moderate
70,40,45,22.28,82.08871647,5.32,Moderate
70,40,45,14.7,81.301299,5.58,Moderate
70,40,45,21.704,88.1725596,5.32,Moderate
70,40,45,21.704,88.1725596,5.36,Moderate
70,40,45,18.92,67.84960363,5.52,Moderate
70,40,45,18.92,67.83308168,5.36,Moderate
70,40,45,28.64818182,83.31098355,5.38,Moderate
70,40,45,22.28,82.17407724,5.54,Moderate
70,40,45,22.38,83.04570622,5.66,Moderate
70,40,45,18.92,67.84960363,5.58,Moderate
70,40,45,21.704,88.30880018,5.6,Moderate
70,40,45,18.92,67.83640077,5.64,Moderate
70,40,45,14.7,80.57930812,5.4,Moderate
70,40,45,22.38,83.0273827,5.58,Moderate
70,40,45,18.58,73.17692819,5.34,Moderate
70,40,45,22.38,83.04512101,5.68,Moderate
70,40,45,18.58,73.19345014,5.44,Moderate
70,40,45,21.704,88.1725596,5.34,Moderate
70,40,45,14.7,80.55167983,5.34,Moderate
70,40,45,21.704,88.30880018,5.56,Moderate
70,40,45,18.92,67.84960363,5.54,Moderate
70,40,45,10.38,80.70974773,5.32,Moderate
70,40,45,12.5,73.29266307,5.52,Moderate
70,40,45,14.7,80.57930812,5.5,Moderate
70,40,45,21.704,88.27938727,5.44,Moderate
70,40,45,21.704,88.30880018,5.54,Moderate
70,40,45,20.312,68.5735965,5.64,Moderate
70,40,45,22.38,83.0051105,5.42,Moderate
70,40,45,20.312,68.5658676,5.34,Moderate
70,40,45,22.766,89.4282372,5.44,Moderate
70,40,45,21.704,88.27938727,5.42,Moderate
60,10,20,26.01818182,93.52453395,6.44,Moderate
60,10,20,27.90909091,93.42983983,6.32,Moderate
60,10,20,26.01818182,93.16189612,6.68,Moderate
60,10,20,27.90909091,93.01107957,6.58,Moderate
60,10,20,27.65454545,93.22157986,6.46,Moderate
60,10,20,26.01818182,93.16189612,6.66,Moderate
60,10,20,27.65454545,93.21619969,6.42,Moderate
60,10,20,27.65454545,92.83212947,6.62,Moderate
60,10,20,27.90909091,93.17083811,6.42,Moderate
56,79,15,29.48439992,63.19915325,7.454532137,Moderate
25,62,21,26.73433965,68.13999721,7.040056094,Moderate
42,61,22,26.27274407,62.28814857,7.418650668,Moderate
42,73,25,34.03679184,67.21113844,6.501869314,Moderate
44,58,18,28.03644051,65.06601664,6.814410928,Moderate
50,55,16,28.81460716,65.33538112,7.581442888,Moderate
35,72,21,34.03619494,64.28791388,7.741418772,Poor
30,64,20,33.8642935,61.57072498,6.573531614,Moderate
27,64,21,32.84213012,68.68401492,7.543804223,Poor
50,74,17,27.10053268,63.36085585,6.5408208,Moderate
39,73,24,25.65842532,61.18235808,7.22405917,Moderate
57,67,25,32.34744009,66.61452812,7.551364319,Moderate
52,63,19,29.58949031,68.32176769,6.928898659,Moderate
55,66,22,30.91219459,68.79427388,7.747775263,Moderate
51,56,18,28.12787838,64.2097765,6.706505915,Moderate
36,66,15,30.08545364,69.34811988,6.668238556,Moderate
59,55,19,31.74379487,62.51007687,7.332375138,Moderate
50,58,23,27.81326852,62.50460464,7.596802025,Moderate
30,65,25,32.88733849,64.59457409,7.70650895,Moderate
20,62,18,29.36358721,64.98742947,7.366542647,Moderate
58,71,15,27.82592799,67.5861883,6.919243702,Moderate
25,71,24,28.49538735,60.44848407,7.187721818,Moderate
52,71,16,27.74274761,68.53997144,7.075886472,Moderate
40,63,18,30.41588462,67.66323804,6.74441168,Moderate
20,60,25,27.3254209,69.09047809,6.726469088,Moderate
48,61,21,30.28496619,61.69295127,6.628264883,Moderate
49,68,22,28.56840626,61.53278622,7.127064207,Moderate
48,62,15,25.36586097,66.6379724,7.538631462,Moderate
32,66,17,34.9466155,65.26774011,7.162357641,Moderate
21,63,22,25.09737391,67.72837887,6.859409487,Moderate
20,72,19,32.47648301,64.34848735,7.397190844,Poor
25,65,21,33.86351172,68.59232289,6.880245789,Poor
41,78,21,25.19857725,60.37332688,6.581313137,Moderate
53,67,17,31.77681682,69.01852894,7.296972161,Moderate
39,60,21,34.89814946,63.59948557,6.97297656,Moderate
25,76,17,31.74105409,68.63525428,7.241148507,Poor
21,78,19,27.16159076,66.76017239,6.92009048,Moderate
57,60,17,26.23773129,67.88521396,7.504608385,Moderate
56,75,15,30.20157245,60.06534859,7.152272256,Moderate
49,72,15,31.55846339,67.83563765,7.137004749,Moderate
24,80,19,29.67892453,69.0854554,6.808041722,Moderate
49,76,18,27.05365239,67.7017527,7.393631868,Moderate
28,68,19,34.63880966,61.38597868,7.69950698,Poor
55,78,21,33.39438752,62.93692886,6.602888249,Moderate
50,64,25,28.84079155,63.37230676,6.734447425,Moderate
34,80,19,31.49338309,63.0563645,6.521217963,Moderate
20,68,23,25.54960633,63.95425534,7.707332484,Moderate
55,67,16,34.37329112,69.69366426,6.596719015,Moderate
23,70,15,34.6008247,63.11296779,7.403623355,Poor
53,74,15,29.43463808,64.94329356,7.517097,Moderate
26,67,16,29.10713092,67.90577375,7.17620823,Moderate
33,80,22,28.57006111,65.71765781,6.593961761,Moderate
37,79,19,27.54384835,69.3478631,7.143942758,Moderate
33,75,21,33.04687968,68.93875631,6.690655045,Moderate
22,55,20,33.95309131,69.96100028,7.423530351,Poor
20,68,17,30.11873003,60.11680815,6.578714843,Poor
43,68,20,29.57812712,66.17587668,7.497469256,Moderate
44,76,22,27.26458947,68.01232937,7.775306272,Moderate
34,60,16,31.35730791,64.24992106,7.322555223,Moderate
21,72,17,31.52104732,66.55723677,7.580527339,Poor
25,68,19,29.39982732,64.25510719,7.108450121,Moderate
41,62,15,29.38400259,64.14928485,7.358974541,Moderate
28,65,23,28.38686534,61.88871127,7.405176138,Moderate
35,64,15,28.47442276,63.53604453,6.500144962,Moderate
52,58,16,30.64095781,61.14508627,7.167435834,Moderate
58,75,25,25.25596239,61.36669662,7.261791753,Moderate
34,66,19,32.97030511,60.18122078,7.586642101,Poor
52,70,16,33.66855394,66.60416867,7.534811833,Moderate
23,57,19,32.83963757,67.99803573,7.251000789,Poor
42,58,25,27.45853567,62.90020977,6.513620918,Moderate
37,62,17,25.68576704,69.84354028,7.121254928,Moderate
44,75,22,30.0328403,64.14800537,7.574561547,Poor
21,80,20,28.20667264,68.27085245,7.350869792,Moderate
56,76,16,28.27265858,61.18956161,7.513151076,Moderate
29,76,15,28.5417236,64.2020154,7.025607706,Moderate
43,61,20,26.87187036,61.61367264,6.804253866,Moderate
55,60,15,32.79766751,68.77994074,7.163043872,Moderate
44,63,15,26.42333018,64.51136845,7.338929556,Moderate
29,67,21,29.79181107,63.38789228,6.621323612,Moderate
47,63,16,27.44003279,67.10464369,6.661870999,Moderate
40,68,17,34.1262979,65.14877461,7.733149554,Poor
58,61,15,30.94908189,64.23364112,7.402891666,Moderate
41,74,18,28.75751783,61.02701476,6.599147298,Moderate
58,79,17,27.24766491,66.10123083,7.04174124,Moderate
27,62,24,28.63005477,66.770943,7.353876754,Moderate
27,60,17,26.41768321,63.64698302,7.026795359,Moderate
52,65,20,32.81705216,66.15665137,6.814301033,Moderate
44,55,25,29.6321052,65.91359954,7.42160832,Moderate
21,62,24,33.49077065,62.73317204,6.847382891,Moderate
60,59,22,31.86847286,66.74217464,7.191522601,Moderate
33,77,21,30.32992227,65.62971858,7.01285529,Moderate
59,58,17,28.546224,66.31394098,7.368318809,Moderate
29,63,17,30.02629908,67.88811637,7.26154329,Poor
59,63,18,31.65531175,60.13263713,6.52669158,Moderate
29,70,15,30.33499674,63.54718862,6.872594461,Poor
58,73,16,33.36984395,65.67718163,6.874142175,Moderate
55,77,22,31.4345059,62.99303471,7.76061831,Moderate
42,79,23,27.71678273,63.29103387,6.781841984,Moderate
44,77,21,32.63918668,61.3009051,7.326980454,Moderate
38,62,25,32.7477393,67.77954584,7.453975408,Moderate
100,60,50,22.89090909,82.60500737,5.18,Poor
100,60,50,27.65454545,81.94052971,5.14,Poor
100,60,50,23.73636364,82.50360223,5.12,Poor
100,60,50,23.73636364,81.85618639,4.96,Poor
100,60,50,23.73636364,82.52523925,5.08,Poor
100,60,50,23.73636364,82.50360223,5.14,Poor
100,60,50,27.90909091,80.94730392,4.82,Poor
100,60,50,27.90909091,82.11292885,5.04,Poor
100,60,50,27.65454545,81.95432804,5.18,Poor
100,60,50,27.65454545,81.76723401,5.0,Poor
100,60,50,27.90909091,82.11860255,5.12,Poor
100,60,50,27.90909091,82.12233522,5.06,Poor
100,60,50,27.65454545,81.30107591,4.96,Poor
100,60,50,27.90909091,80.94730392,4.84,Poor
100,60,50,23.73636364,81.36721395,4.88,Poor
100,60,50,23.73636364,82.50633407,5.1,Poor
100,60,50,15.852,64.67357757,4.82,Poor
100,60,50,22.89090909,82.57214949,5.04,Poor
100,60,50,23.73636364,81.85618639,4.94,Poor
100,60,50,27.90909091,81.47914875,4.96,Poor
100,60,50,27.90909091,82.11860255,5.14,Poor
100,60,50,23.73636364,82.51740055,5.18,Poor
100,60,50,23.73636364,82.51774211,5.06,Poor
100,60,50,22.89090909,81.79995485,4.9,Poor
100,60,50,27.65454545,80.76923109,4.86,Poor
100,60,50,27.90909091,81.47914875,4.94,Poor
100,60,50,27.90909091,82.12983237,5.08,Poor
100,60,50,27.63636364,81.94326156,5.1,Poor
100,60,50,29.4,78.43875472,4.96,Poor
100,60,50,27.90909091,81.94530684,5.0,Poor
100,60,50,27.90909091,81.47914875,4.92,Poor
100,60,50,27.65454545,80.76923109,4.84,Poor
100,60,50,27.90909091,82.12133439,5.1,Poor
100,60,50,23.73636364,82.49502826,5.04,Poor
100,60,50,15.852,64.67357757,4.98,Poor
100,60,50,22.89090909,82.57214949,5.02,Poor
100,60,50,22.89090909,81.95109629,4.98,Poor
100,60,50,22.89090909,82.59394089,5.1,Poor
100,60,50,27.90909091,81.47914875,4.98,Poor
100,60,50,27.90909091,80.94730392,4.86,Poor
100,60,50,22.89090909,81.95109629,4.92,Poor
100,60,50,23.73636364,81.85618639,4.98,Poor
100,60,50,22.89090909,81.95109629,4.96,Poor
100,60,50,23.73636364,81.85618639,4.92,Poor
100,60,50,27.65454545,81.95432804,5.16,Poor
100,60,50,22.89090909,82.6043481,5.08,Poor
100,60,50,18.77818182,73.84005592,5.12,Poor
100,60,50,27.03636364,81.17284876,4.84,Poor
100,60,50,27.90909091,82.13240087,5.16,Poor
100,60,50,23.73636364,81.70504495,4.9,Poor
100,60,50,18.77818182,73.84005592,5.18,Poor
100,60,50,22.89090909,81.45410524,4.88,Poor
100,60,50,27.65454545,81.95175954,5.08,Poor
100,60,50,27.90909091,80.98302511,4.88,Poor
100,60,50,23.73636364,82.49502826,5.02,Poor
100,60,50,27.65454545,81.30107591,4.92,Poor
100,60,50,27.63636364,81.14993447,4.9,Poor
100,60,50,18.77818182,73.67304347,4.82,Poor
100,60,50,22.89090909,82.59685095,5.06,Poor
100,60,50,18.77818182,73.67304347,4.98,Poor
100,60,50,27.65454545,80.76923109,4.82,Poor
100,60,50,23.73636364,81.33149275,4.84,Poor
100,60,50,27.65454545,81.30107591,4.94,Poor
100,60,50,22.89090909,81.95109629,4.94,Poor
100,60,50,22.89090909,81.41838405,4.86,Poor
100,60,50,27.65454545,81.94426239,5.06,Poor
100,60,50,27.90909091,82.13240087,5.18,Poor
100,60,50,28.65727273,81.29460915,4.9,Poor
100,60,50,23.73636364,82.51740055,5.16,Poor
100,60,50,27.90909091,82.11292885,5.02,Poor
100,60,50,18.77818182,73.67304347,4.88,Poor
100,50,50,27.65454545,82.97147395,6.42,Poor
100,50,50,28.08181818,82.94202429,6.62,Poor
100,50,50,28.08181818,82.99190719,6.44,Poor
100,50,50,28.99454545,82.87400331,6.5,Poor
100,50,50,26.01818182,83.64584984,6.6,Poor
100,50,50,28.08181818,83.05862275,6.32,Poor
100,50,50,28.99454545,83.03864802,6.34,Poor
100,50,50,27.65454545,82.94838307,6.56,Poor
100,50,50,27.65454545,82.96443161,6.54,Poor
100,50,50,28.08181818,83.04885748,6.36,Poor
100,50,50,28.08181818,82.92784642,6.52,Poor
80,15,40,28.64818182,80.81144138,6.48,Moderate
80,15,40,28.64818182,80.74849193,6.44,Moderate
80,15,40,28.99454545,80.70446436,6.64,Moderate
80,15,40,28.99454545,80.80100324,6.52,Moderate
80,15,40,28.64818182,80.80100324,6.52,Moderate
80,15,40,22.89090909,80.72083362,6.58,Moderate
80,15,40,28.08181818,80.71272377,6.68,Moderate
80,15,40,28.08181818,80.81102635,6.42,Moderate
80,15,40,27.65454545,80.63884419,6.6,Moderate
80,15,40,27.90909091,80.72997899,6.44,Moderate
80,15,40,26.01818182,80.48561726,6.6,Moderate
80,15,40,27.90909091,80.80297463,6.4,Moderate
80,15,40,28.99454545,80.89389142,6.56,Moderate
80,15,40,28.08181818,80.76311725,6.58,Moderate
80,15,40,28.64818182,80.75220565,6.6,Moderate
80,15,40,28.08181818,80.80721979,6.34,Moderate
80,15,40,28.08181818,80.70539222,6.66,Moderate
80,15,40,27.65454545,80.64477799,6.5,Moderate
80,15,40,27.65454545,80.72188994,6.32,Moderate
80,15,40,27.90909091,80.74845513,6.58,Moderate
80,15,40,28.99454545,80.81144138,6.48,Moderate
80,15,40,28.64818182,80.89389142,6.54,Moderate
80,15,40,22.89090909,80.72732035,6.68,Moderate
80,15,40,28.64818182,80.81394412,6.34,Moderate
80,15,40,28.99454545,80.74849193,6.44,Moderate
80,15,40,27.65454545,80.6497558,6.58,Moderate
80,15,40,22.89090909,80.75187946,6.66,Moderate
80,15,40,28.99454545,80.81394412,6.36,Moderate
80,15,40,22.89090909,80.86629296,6.4,Moderate
80,15,40,27.65454545,80.76226576,6.54,Moderate
80,15,40,28.64818182,80.76311725,6.58,Moderate
80,15,40,28.08181818,80.73238687,6.62,Moderate
80,15,40,28.64818182,80.70492343,6.66,Moderate
80,15,40,27.65454545,80.67981572,6.46,Moderate
80,15,40,27.90909091,80.79923774,6.42,Moderate
80,15,40,27.65454545,80.7042753,6.4,Moderate
80,15,40,28.08181818,80.75526593,6.5,Moderate
80,15,40,22.89090909,80.87731897,6.56,Moderate
80,15,40,26.01818182,80.66398889,6.46,Moderate
80,15,40,28.64818182,80.81144138,6.46,Moderate
80,15,40,27.65454545,80.64135373,6.62,Moderate
80,15,40,28.64818182,80.77640365,6.5,Moderate
80,15,40,26.01818182,80.59107691,6.52,Moderate
100,65,70,28.64818182,82.58117566,6.62,Poor
100,65,70,28.99454545,82.56938052,6.6,Poor
100,65,70,28.99454545,82.32605837,6.38,Poor
100,65,70,28.64818182,82.41194917,6.34,Poor
100,65,70,28.64818182,82.49504062,6.5,Poor
100,65,70,26.01818182,83.43830457,6.66,Poor
100,65,70,28.08181818,82.52862293,6.56,Poor
100,65,70,28.64818182,82.37775228,6.38,Poor
100,65,70,28.08181818,82.52862293,6.54,Poor
100,65,70,26.01818182,83.4007944,6.62,Poor
100,65,70,27.65454545,82.45538127,6.58,Poor
100,65,70,28.64818182,82.54185436,6.48,Poor
100,65,70,28.08181818,82.47036434,6.48,Poor
100,65,70,26.01818182,83.31661965,6.4,Poor
100,65,70,28.64818182,82.63946601,6.6,Poor
100,65,70,28.64818182,82.40493082,6.46,Poor
100,65,70,27.65454545,82.29683156,6.38,Poor
100,65,70,27.65454545,82.33102846,6.36,Poor
100,65,70,28.64818182,82.40696639,6.42,Poor
100,65,70,28.99454545,82.37661556,6.4,Poor
100,65,70,28.64818182,82.42877741,6.32,Poor
75,75,150,22.89090909,82.6729959,4.84,Poor
75,75,150,27.65454545,83.1102998,5.08,Poor
75,75,150,27.90909091,82.31919057,4.96,Poor
75,75,150,26.43333333,83.74459313,5.04,Poor
75,75,150,27.90909091,83.09262461,5.04,Poor
75,75,150,27.90909091,83.11369091,5.16,Poor
75,75,150,22.89090909,83.94153708,5.1,Poor
75,75,150,27.65454545,82.31919057,4.96,Poor
75,75,150,27.90909091,83.09914836,5.1,Poor
75,75,150,22.89090909,83.94153708,5.12,Poor
75,75,150,27.65454545,82.18438047,4.9,Poor
75,75,150,27.65454545,83.09914836,5.14,Poor
75,75,150,27.65454545,83.09914836,5.12,Poor
75,75,150,27.65454545,81.78526536,4.84,Poor
75,75,150,22.89090909,83.94293125,5.06,Poor
75,75,150,27.90909091,83.09914836,5.14,Poor
75,75,150,22.89090909,83.96521276,5.16,Poor
75,75,150,22.89090909,82.6729959,4.82,Poor
75,75,150,27.90909091,81.78526536,4.86,Poor
75,75,150,27.90909091,81.78526536,4.84,Poor
75,75,150,27.65454545,83.09914836,5.1,Poor
75,75,150,27.90909091,83.11369091,5.18,Poor
75,75,150,27.65454545,83.10128675,5.06,Poor
75,75,150,27.65454545,83.09262461,5.02,Poor
75,75,150,27.90909091,82.18438047,4.9,Poor
75,75,150,27.65454545,83.09262461,5.04,Poor
75,75,150,27.65454545,82.31919057,4.94,Poor
75,75,150,22.89090909,83.21166928,4.94,Poor
75,75,150,22.89090909,83.74691085,5.0,Poor
75,75,150,25.81818182,82.72395936,4.84,Poor
75,75,150,27.90909091,83.10128675,5.06,Poor
75,75,150,27.90909091,83.09914836,5.12,Poor
75,75,150,27.65454545,82.92056144,5.0,Poor
75,75,150,27.90909091,83.09262461,5.02,Poor
75,75,150,22.89090909,83.21166928,4.96,Poor
75,75,150,22.89090909,83.91897401,5.02,Poor
75,75,150,22.89090909,83.95194429,5.08,Poor
75,75,150,22.89090909,83.91897401,5.04,Poor
75,75,150,22.89090909,83.21166928,4.92,Poor
75,75,150,26.43333333,82.42908791,4.86,Poor
75,75,150,27.90909091,81.82098655,4.88,Poor
80,70,50,28.64818182,82.75269467,6.32,Poor
80,70,50,26.01818182,83.73414539,6.34,Poor
80,70,50,27.65454545,82.73723605,6.32,Poor
80,70,50,28.64818182,82.80444339,6.68,Poor
80,70,50,28.64818182,82.84721884,6.54,Poor
80,70,50,27.65454545,82.70938524,6.4,Poor
80,70,50,28.64818182,82.78874057,6.58,Poor
80,70,50,28.64818182,82.84410779,6.6,Poor
80,70,50,28.64818182,82.8327599,6.66,Poor
80,70,50,27.65454545,82.77286472,6.62,Poor
80,70,50,26.01818182,83.69992074,6.64,Poor
80,70,50,28.64818182,82.6686989,6.44,Poor
80,70,50,28.64818182,82.84721884,6.56,Poor
80,70,50,27.65454545,82.70529241,6.34,Poor
80,70,50,26.01818182,83.73790771,6.46,Poor
80,70,50,28.64818182,82.72770012,6.42,Poor
80,70,50,27.65454545,82.64051714,6.46,Poor
80,70,50,28.64818182,82.71274751,6.38,Poor
40,72,77,17.02498456,16.98861173,7.485996067,Moderate
23,72,84,19.02061277,17.13159126,6.920251378,Poor
39,58,85,17.88776475,15.40589717,5.996932037,Poor
22,72,85,18.86805647,15.65809214,6.391173589,Poor
36,67,77,18.36952567,19.56381041,7.152811172,Moderate
32,73,81,20.45078582,15.40312102,5.988992796,Poor
58,70,84,20.6543203,16.60820843,6.231049028,Moderate
59,70,84,17.3348681,18.74926979,7.550808267,Moderate
42,62,75,18.17912258,18.90426935,7.010570541,Moderate
28,74,81,18.01272266,18.30968112,8.753795334,Poor
58,66,79,20.99373558,19.33470387,8.718192847,Poor
43,66,79,19.46233971,15.22538951,7.976607593,Poor
58,63,81,19.81344531,14.69765308,6.515499549,Moderate
23,62,85,18.97424756,19.5161216,8.490127142,Poor
27,62,77,18.19737048,14.71070537,6.576415562,Poor
28,72,84,18.72963144,19.18197264,6.481783043,Poor
50,56,76,20.99502153,19.8601304,7.966605025,Moderate
39,71,84,20.28155898,16.39535215,8.140825437,Poor
25,78,76,17.48042641,15.7559405,7.228963452,Poor
31,70,77,20.88818675,14.32313811,6.492546046,Moderate
26,80,83,17.08498521,16.14565756,7.528599957,Poor
25,68,77,20.09340593,15.11279612,7.701446446,Poor
31,78,76,17.57212145,14.99927489,8.519975748,Poor
60,68,83,19.12065218,18.43475844,6.620900869,Moderate
59,62,83,18.57665902,19.22008229,8.104396058,Poor
22,67,78,17.16606398,14.42457525,6.204090835,Poor
36,65,80,18.2872007,16.67921616,6.051091339,Moderate
59,60,84,19.03025305,18.66725565,7.690962338,Moderate
54,77,85,17.1418614,17.0662427,7.829211144,Moderate
43,68,81,17.47809436,17.93253975,6.761599706,Moderate
28,76,82,20.56601874,14.25803981,6.654425315,Poor
42,79,85,17.22385224,15.82069268,6.129533877,Moderate
32,60,83,19.69141713,19.44225438,8.829273328,Poor
22,78,76,17.84851658,19.09172907,8.621662982,Poor
31,79,75,18.8202251,16.1074793,8.204862075,Poor
28,58,81,17.47500984,16.54314829,6.18042747,Poor
57,58,77,18.72649425,17.58406365,7.978996755,Moderate
49,55,78,18.65580107,16.17772668,7.863113671,Moderate
46,76,77,18.2356751,19.68538502,6.967843048,Moderate
54,61,77,18.81198127,15.21618225,6.206582193,Moderate
38,60,76,18.65054116,17.80852431,8.868741443,Poor
59,55,79,20.36720401,16.89574311,8.766128654,Poor
36,76,75,18.38120357,16.63805158,8.736337905,Poor
57,68,81,17.17012591,17.30457712,8.081095263,Poor
35,66,81,19.37101121,15.77458129,6.138243973,Moderate
35,64,78,17.92845928,14.27327988,7.496645259,Moderate
52,60,79,19.45339934,18.23490739,8.380185271,Poor
27,76,83,19.12829388,14.92241479,6.289614016,Poor
57,60,84,19.1034283,17.26184541,6.586777189,Moderate
52,68,78,17.48504075,16.96070581,6.89655198,Moderate
43,79,79,19.40751744,18.98030507,7.806747656,Poor
44,74,85,20.18649426,19.63719995,7.150681303,Moderate
24,55,78,17.30287885,15.15405941,6.64919573,Poor
29,77,75,17.50361137,15.48083156,7.778591618,Poor
20,60,78,18.17234999,14.70085967,6.358740355,Poor
56,67,78,17.57445618,16.71826572,8.255450758,Poor
37,66,85,20.93175255,18.91295403,6.456148474,Moderate
49,71,76,19.71098332,17.63879418,6.613072145,Moderate
59,69,80,19.07937684,17.86754927,8.165359297,Poor
20,79,77,18.54988627,16.02542689,7.64867466,Poor
24,56,85,18.19903647,17.41333199,6.545888558,Poor
51,72,75,18.88852533,14.99451145,7.104224797,Moderate
57,73,85,18.49311205,14.72115044,7.358099622,Moderate
22,64,82,19.48974337,17.17260319,6.4740245,Poor
52,73,79,17.25769499,18.74943955,7.840339389,Moderate
29,75,75,19.62416326,18.71483156,7.064790365,Poor
44,59,78,20.67526473,19.85388984,7.599033472,Poor
41,69,82,20.02381489,16.63294455,6.715587232,Moderate
52,56,85,20.1187446,14.44228303,6.81712422,Moderate
34,76,80,20.65691793,15.84572566,7.985417393,Poor
42,74,83,19.2582557,14.2804191,7.545258424,Poor
34,71,79,17.927806,15.85622899,7.728998197,Poor
27,73,79,19.16288268,15.83500655,7.354973451,Poor
30,70,79,20.26942271,19.96978871,7.313122235,Moderate
57,57,75,17.09104223,18.25142068,7.785039076,Moderate
27,79,82,17.06579293,17.54024066,6.307004923,Poor
32,71,85,20.62767492,14.44008871,6.403982316,Moderate
31,76,82,20.8248451,17.85057083,7.599279991,Poor
33,75,84,19.46210401,18.72831993,7.217018459,Moderate
47,80,77,17.18248372,16.42891834,7.561108006,Moderate
54,62,80,17.48911699,16.39055394,7.489545074,Moderate
47,79,78,17.48395377,14.76014523,6.609696734,Moderate
35,57,83,19.48316794,17.44534641,7.476800943,Moderate
53,73,77,19.71359733,18.09665739,7.325451279,Moderate
45,61,78,19.48649305,16.06240074,6.489389282,Moderate
37,78,79,19.95264829,14.82633099,7.786366322,Poor
30,75,81,19.41789736,16.80472243,6.408437886,Moderate
37,55,82,19.45591848,18.02235902,8.423873703,Poor
53,65,76,20.19137759,16.41998269,8.719960893,Poor
22,60,85,18.8392908,14.74071856,7.811997977,Poor
60,61,78,20.71219282,19.83643308,6.317153205,Moderate
42,67,77,18.99424448,15.9362937,7.114405288,Moderate
39,76,76,19.96837462,15.57324389,8.135900726,Poor
35,63,76,17.81564548,17.60756635,7.714153038,Poor
30,65,82,20.71424384,15.27824066,7.103798069,Moderate
57,56,78,17.34150229,18.75626255,8.861479668,Poor
48,65,78,17.43732714,14.33847406,7.861128148,Moderate
36,56,83,18.89780215,19.76182946,7.4526709,Moderate
40,58,75,18.59190771,14.77959596,7.168096055,Moderate
49,69,82,18.31561493,15.36143547,7.26311855,Moderate
18,30,29,26.7627493,92.86056895,6.420018717,Moderate
37,23,28,25.61294367,94.3138837,5.740054567,Moderate
13,28,33,28.130115,95.64807631,5.686972967,Moderate
2,21,35,25.02887163,91.53720922,6.293662363,Moderate
10,18,35,27.79797651,99.64573002,6.381975465,Moderate
7,11,32,29.25902906,95.11294697,5.542169139,Poor
39,5,31,27.10134661,93.69979946,5.551963184,Moderate
34,6,27,25.84726298,90.92669463,5.860740481,Moderate
31,30,29,26.58580443,90.98617591,5.558807063,Moderate
25,7,35,28.38503882,99.18843684,5.55771171,Poor
16,18,26,28.43647052,91.81320717,5.568365926,Moderate
26,10,33,28.27298134,96.93649473,6.07071786,Moderate
27,8,32,27.00648436,96.46168931,5.627860549,Poor
37,18,30,27.63551259,99.34854917,6.38488418,Moderate
19,15,34,26.29644905,99.65809151,5.685889066,Moderate
0,19,33,27.1326009,95.23797989,6.234458417,Moderate
31,20,26,25.56567803,97.61361544,6.443168642,Moderate
9,17,32,25.94951662,93.40548703,5.842317989,Moderate
22,11,29,28.03380598,95.01630593,5.955742971,Poor
31,6,26,29.12859129,91.30924833,5.741367375,Moderate
34,6,30,27.0828252,97.00155491,5.948342571,Moderate
24,6,32,28.11321494,90.01734526,6.387067562,Moderate
1,8,26,27.5136304,94.18955816,5.562911913,Poor
31,13,33,27.63834933,95.48763389,5.85971872,Moderate
10,9,28,29.01256899,94.01014388,6.282955073,Moderate
36,27,26,26.58413917,95.78923137,6.25449571,Moderate
38,24,33,28.28905147,97.00396405,5.973853124,Moderate
11,6,25,28.69164799,96.65248672,6.081568052,Moderate
16,14,30,29.70931288,96.30484325,6.37466756,Moderate
33,14,35,27.14865285,96.66355213,6.027707171,Moderate
16,6,29,29.28725038,91.95614918,5.868285082,Poor
32,11,31,25.06871967,93.31410447,6.205931638,Moderate
38,14,30,26.92449525,91.20106019,5.570745386,Moderate
8,6,33,28.27804288,93.64761266,6.095261013,Moderate
23,6,33,29.18032562,92.73041222,6.025789594,Moderate
29,25,35,28.3575072,91.64509299,5.542873799,Moderate
24,14,33,29.38072512,93.27565685,6.366219551,Moderate
32,12,30,25.39241091,98.08951196,5.579845008,Moderate
30,25,31,26.31270635,98.62048026,5.804965067,Moderate
14,21,35,29.52501367,91.91185319,6.121005506,Moderate
27,22,29,28.83214859,92.17170353,6.000248647,Moderate
40,5,29,28.48444906,97.76865458,5.820978791,Moderate
17,11,32,28.74013335,93.39676499,5.620733794,Poor
30,30,35,25.00872392,95.59224018,6.001936419,Moderate
28,10,30,29.8690834,91.14723422,6.305740522,Moderate
39,7,29,27.54273211,94.59086121,6.362544111,Moderate
32,20,35,26.52166434,98.38227669,5.588655387,Moderate
7,15,32,25.03512351,95.89739958,6.182232762,Moderate
29,17,29,29.20394909,95.66997327,5.959493188,Moderate
34,15,34,27.05826457,91.10510371,5.677282678,Moderate
14,23,25,26.18552389,96.96637916,5.612122797,Moderate
18,19,29,27.59376845,92.48519606,6.206077742,Moderate
7,21,35,25.76011662,94.65830608,5.764812076,Moderate
24,27,34,28.87862994,95.11320315,6.203376525,Moderate
39,29,29,26.50908611,94.48414544,6.143662699,Moderate
29,8,28,26.87037587,91.72546257,6.100429497,Moderate
10,24,27,27.57283516,94.90485697,5.708409601,Moderate
0,29,32,28.05912437,98.3670985,5.868255858,Moderate
32,11,31,29.51611558,92.56492864,6.461225827,Moderate
37,10,32,28.96318258,95.16333673,6.165084855,Moderate
20,29,27,25.09897688,92.36099489,6.047044342,Moderate
31,29,35,27.1872282,92.19906776,6.137102505,Moderate
17,30,27,29.03065024,90.79093862,5.894027065,Moderate
1,12,30,27.754298,95.94643831,5.56222383,Poor
6,13,29,27.31155708,99.96906006,5.832608028,Poor
15,28,32,28.84270971,99.64328526,6.218571874,Moderate
27,24,29,26.61423461,96.97300803,6.142010637,Moderate
3,23,30,29.70143197,95.65754365,6.078807239,Moderate
8,26,26,25.54759871,91.64194826,5.702484758,Moderate
20,28,26,26.37978453,91.49882979,5.547594847,Moderate
26,18,27,27.45907759,92.90736493,5.836075368,Moderate
1,6,35,27.02269204,95.71935435,6.231662767,Moderate
27,30,31,28.98545306,90.73966792,5.718120393,Moderate
23,7,34,26.1055118,91.52421214,5.852038202,Poor
0,26,31,25.0707247,95.02156793,5.547933273,Moderate
38,6,25,25.54963273,96.92786777,6.156259104,Moderate
25,12,26,28.56973521,95.67906668,6.436314406,Moderate
40,5,32,26.07010807,96.7036223,5.981169595,Moderate
0,19,31,25.51791333,94.38420565,6.271952833,Moderate
26,9,32,25.9490364,94.73860514,6.470465614,Moderate
35,30,34,28.2974764,95.41122824,6.141502001,Moderate
19,30,30,29.56549169,91.40896307,5.826381164,Moderate
31,13,33,29.69952329,95.21224392,6.342463714,Moderate
17,29,26,26.14162144,93.28415295,6.071897347,Moderate
2,30,30,26.00175125,94.79998418,6.331051715,Moderate
30,13,25,27.15116142,91.48889469,6.413184638,Moderate
8,15,33,28.97318719,98.09861043,5.50158009,Moderate
18,12,35,26.13958446,96.38580769,6.338720873,Moderate
8,28,30,25.51618488,94.33465411,6.015672239,Moderate
40,22,29,27.55821802,99.98187601,5.735364307,Moderate
27,10,33,27.81132822,97.48410555,6.465906333,Moderate
21,20,31,25.60033702,99.7240104,5.855457599,Moderate
3,9,35,26.91641934,99.84671638,6.318552973,Moderate
22,16,27,29.1797902,90.27214288,6.006784979,Moderate
27,8,30,26.44600063,98.29937782,6.008386283,Moderate
22,8,33,28.43572863,95.8840407,5.665785202,Poor
28,27,32,28.94099669,93.00109012,5.764615485,Moderate
23,21,26,26.45488737,93.45042636,5.901495544,Moderate
37,5,34,25.79490531,93.84150618,5.779032666,Moderate
19,26,29,26.93141945,98.80313612,5.67154928,Moderate
91,21,26,26.33377983,57.36469955,7.261313694,Moderate
107,21,26,26.45288458,55.32222678,7.235070264,Moderate
83,38,35,25.70822684,52.88667115,7.18915558,Good
108,24,31,24.12832546,56.18107663,6.431899748,Good
116,28,34,23.44372334,60.39523266,6.42321105,Good
116,23,25,23.4123707,52.26994674,6.869720196,Good
109,31,27,23.05951896,50.40609436,6.973839707,Good
89,25,34,23.07895447,63.65861483,7.184801627,Good
118,18,32,27.6496114,51.11044023,6.351823783,Moderate
111,32,34,25.46743689,69.35161206,6.392048018,Moderate
84,36,28,26.7350622,55.55164819,6.119892347,Good
85,33,25,26.20811417,52.50987966,6.910823945,Good
99,15,27,27.0424167,57.27927475,6.501157208,Moderate
81,30,31,24.65090184,51.93952357,7.027585559,Good
95,39,29,27.35152643,55.99375012,7.13411409,Moderate
81,34,30,25.17787724,62.26244581,6.647765997,Good
80,15,28,23.11438731,68.00096043,6.703270635,Good
104,20,26,27.22783677,52.95261751,7.493191968,Moderate
109,29,28,23.26316991,60.5160021,6.724688503,Good
100,32,26,25.234661,57.53161469,6.043485685,Good
100,24,28,25.59535262,57.72920846,7.101661011,Good
83,21,28,25.5674832,60.49244602,7.466900683,Moderate
120,23,28,25.67324193,51.29043632,6.877799264,Good
104,26,30,24.40726724,62.65692638,6.410992833,Good
108,33,31,23.69287069,66.76090123,7.393825704,Good
91,25,26,24.53460016,66.99765375,7.482414225,Good
86,26,27,27.13140403,52.89368299,6.081172981,Good
98,18,27,27.56088634,68.49299897,6.516312148,Moderate
111,27,31,23.59302313,55.27564977,6.043330951,Good
84,39,35,23.17714381,52.13864034,6.959404135,Good
98,27,27,24.71384065,51.29142534,7.238109556,Good
118,21,34,24.38534644,64.72543073,7.234258375,Moderate
103,27,31,27.15998538,51.59100753,6.691541233,Good
82,24,33,26.53543168,67.09608099,6.809593554,Good
86,31,35,27.01207284,60.76645256,6.485761419,Good
88,35,35,27.55906475,58.45742907,6.784460602,Good
84,27,29,23.32293161,53.00366334,7.167092586,Good
120,40,33,24.23850608,54.30329632,6.73410539,Good
106,40,30,23.42611644,64.10651528,6.779984384,Moderate
113,21,33,26.02241444,55.83288958,7.277422738,Moderate
117,34,25,24.83846178,56.7685316,7.21270048,Good
80,30,25,26.24092174,65.64381357,7.487266991,Good
88,21,27,24.43011925,66.02411187,7.231166546,Good
113,33,34,26.00373964,62.1445102,6.559817161,Moderate
87,23,28,26.22367404,62.26594559,6.979590627,Good
113,15,29,27.09617155,63.55324262,6.779230041,Moderate
98,29,30,25.64004392,61.03273481,6.217974349,Moderate
97,29,27,27.74576987,54.36976075,7.205078785,Good
85,35,32,26.24928198,54.28617819,6.854011265,Good
82,29,35,26.67377159,52.24226285,6.246872394,Good
103,33,25,27.10210397,55.7497332,6.911066044,Good
112,17,28,27.62975458,61.26002598,6.777417989,Moderate
99,19,33,27.5364547,55.51673151,6.273741983,Moderate
120,20,34,23.56960509,50.56339727,6.906124587,Good
114,27,28,24.99451759,57.93250202,7.162802357,Good
100,40,35,27.56441788,54.41094079,6.955787351,Moderate
108,35,25,23.98143338,61.10935084,6.971963169,Good
115,31,30,24.22984659,67.37768353,6.840927967,Good
87,28,30,25.60153969,68.66257977,6.536676653,Good
82,24,26,24.31274458,53.57285558,6.089443603,Good
94,26,27,26.36629861,52.25738495,7.456460375,Good
87,28,35,26.5602777,57.1621814,6.759211911,Good
118,40,35,26.35034208,58.50650238,7.460174812,Moderate
87,38,29,25.20406808,57.88370456,6.652642579,Good
92,40,30,23.35723208,55.18792166,6.026287448,Good
97,22,26,23.60567546,59.68849145,6.074190142,Good
99,40,32,24.18471151,69.94807345,7.045543056,Moderate
89,28,33,26.44414097,53.83876189,6.993236001,Good
112,39,29,26.12492233,63.37479229,6.726528895,Moderate
111,28,26,27.77363343,64.47858698,6.937352845,Moderate
114,20,26,25.55656667,62.67087838,7.27905689,Moderate
117,26,30,27.92374437,67.96910852,7.079850922,Moderate
111,29,31,26.05968403,52.31098539,6.136286518,Good
119,30,28,26.35770906,64.57578034,6.505203696,Moderate
116,40,33,24.91370487,54.15319242,7.042089492,Good
95,37,35,27.31317116,68.4233391,6.348337519,Moderate
86,40,33,26.1387869,52.26311691,7.432322234,Good
117,37,32,23.1069385,67.06230539,6.787658922,Good
105,18,35,23.52648086,68.44030686,6.743417121,Moderate
109,23,25,25.11711046,68.48030408,7.00733163,Moderate
80,18,31,24.02952505,58.84880599,7.303033217,Good
101,31,26,26.70897548,69.71184111,6.861235184,Moderate
103,33,33,26.71717393,50.50148528,7.131435858,Good
93,26,27,24.59245684,56.46829641,7.288211994,Good
104,35,28,27.51006055,50.66687215,6.983732393,Good
116,36,25,27.57847581,58.52534263,6.172090205,Good
107,38,29,26.65069302,57.56695719,6.35118177,Moderate
101,33,33,26.97251562,62.0183627,6.908671379,Moderate
107,31,31,23.17124551,52.97841162,6.766184468,Good
99,16,30,23.52652084,65.44340921,6.392791654,Moderate
103,40,30,27.30901814,55.196224,6.348316257,Moderate
118,31,34,27.54823036,62.88179198,6.123796057,Moderate
106,21,35,25.627355,57.04151119,7.428523634,Moderate
116,38,34,23.29250318,50.04557009,6.020947179,Good
97,35,26,24.91461008,53.74144743,6.334610249,Good
107,34,32,26.77463708,66.4132686,6.78006386,Moderate
99,15,27,27.41711238,56.63636248,6.086922359,Moderate
118,33,30,24.13179691,67.22512329,6.362607851,Good
117,32,34,26.2724184,52.12739421,6.758792552,Good
104,18,30,23.60301571,60.39647474,6.779832611,Moderate
10,20,20,28.54545455,85.91137655,6.68,Moderate
10,20,20,28.54545455,85.95388369,6.66,Moderate
10,20,20,28.64818182,86.09677515,6.36,Moderate
10,20,20,28.64818182,85.91447284,6.66,Moderate
10,20,20,28.99454545,85.93726815,6.54,Moderate
10,20,20,28.64818182,85.91676592,6.6,Moderate
10,20,20,22.89090909,87.49283033,6.6,Moderate
10,20,20,26.73636364,87.91358314,6.62,Moderate
10,20,20,29.18636364,85.96374459,6.58,Moderate
10,20,20,26.51818182,87.22194624,6.32,Moderate
10,20,20,28.64818182,85.88478274,6.54,Moderate
10,20,20,28.64818182,86.01902965,6.32,Moderate
10,20,20,29.18636364,85.86964531,6.52,Moderate
10,20,20,26.73636364,87.91358314,6.6,Moderate
10,20,20,22.89090909,87.31037355,6.34,Moderate
10,20,20,28.64818182,85.92669608,6.56,Moderate
10,20,20,28.64818182,85.8325968,6.52,Moderate
10,20,20,28.99454545,85.96925134,6.62,Moderate
10,20,20,26.73636364,87.6204683,6.4,Moderate
10,20,20,27.65454545,87.19106052,6.6,Moderate
10,20,20,23.56,77.7679318,6.6,Moderate
10,20,20,29.18636364,85.86818882,6.48,Moderate
10,20,20,27.63636364,87.19106052,6.62,Moderate
10,20,20,22.89090909,87.30404555,6.44,Moderate
10,20,20,27.65454545,87.19106052,6.62,Moderate
10,20,20,23.56,77.7679318,6.56,Moderate
10,20,20,28.54545455,86.06625084,6.32,Moderate
10,20,20,29.18636364,86.015113,6.32,Moderate
10,20,20,22.89090909,87.17899778,6.38,Moderate
10,20,20,15.5,92.59394809,6.36,Moderate
10,20,20,28.54545455,85.96610694,6.58,Moderate
10,20,20,29.03727273,85.9634427,6.46,Moderate
10,20,20,28.64818182,85.91241378,6.46,Moderate
10,20,20,22.89090909,87.49283033,6.62,Moderate
10,20,20,28.64818182,85.8969655,6.64,Moderate
10,20,20,22.89090909,87.3204185,6.52,Moderate
10,20,20,29.18636364,85.92183124,6.54,Moderate
10,20,20,29.18636364,85.95381443,6.62,Moderate
10,20,20,28.99454545,85.94945091,6.64,Moderate
10,20,20,22.89090909,87.49283033,6.58,Moderate
10,20,20,22.89090909,87.46876963,6.68,Moderate
10,20,20,28.99454545,85.95652728,6.4,Moderate
10,20,20,26.51818182,87.35377389,6.66,Moderate
10,20,20,22.89090909,87.17454313,6.4,Moderate
10,20,20,28.99454545,85.93029034,6.68,Moderate
10,20,20,22.89090909,87.30774989,6.5,Moderate
10,20,20,28.54545455,86.14399633,6.36,Moderate
10,20,20,28.99454545,85.99446713,6.66,Moderate
10,20,20,26.73636364,87.74117131,6.5,Moderate
10,20,20,28.08181818,85.93418424,6.68,Moderate
10,20,20,28.54545455,85.96610694,6.56,Moderate
10,20,20,29.18636364,86.11318354,6.36,Moderate
10,20,20,28.64818182,85.92669608,6.58,Moderate
10,20,20,28.54545455,85.87981799,6.5,Moderate
10,20,20,26.51818182,87.16869346,6.5,Moderate
10,20,20,27.65454545,87.17984853,6.54,Moderate
10,20,20,26.73636364,87.7500758,6.44,Moderate
10,20,20,28.54545455,85.95963496,6.46,Moderate
10,20,20,28.54545455,85.93637635,6.64,Moderate
10,20,20,28.64818182,85.87196569,6.68,Moderate
10,20,20,27.65454545,87.33830725,6.36,Moderate
10,20,20,10.38,91.86585172,6.52,Moderate
10,20,20,28.54545455,86.15951788,6.34,Moderate
10,20,20,28.64818182,85.92115855,6.38,Moderate
10,20,20,28.64818182,85.95744178,6.44,Moderate
10,20,20,28.64818182,85.91676592,6.62,Moderate
10,20,20,22.676,67.74954677,6.4,Moderate
10,20,20,26.73636364,87.62699864,6.42,Moderate
10,20,20,26.51818182,87.35377389,6.6,Moderate
10,20,20,29.03727273,85.94945091,6.64,Moderate
10,20,20,22.89090909,87.29949579,6.32,Moderate
10,20,20,27.65454545,87.25729342,6.32,Moderate
10,20,20,26.51818182,87.35377389,6.64,Moderate
10,20,20,22.89090909,87.294852,6.36,Moderate
10,20,20,28.08181818,86.2209328,6.34,Moderate
10,20,20,27.65454545,87.20290965,6.56,Moderate
10,20,20,26.51818182,87.17759795,6.46,Moderate
10,20,20,28.54545455,85.87981799,6.52,Moderate
10,20,20,28.54545455,85.87981799,6.48,Moderate
10,20,20,26.51818182,87.18136206,6.52,Moderate
10,20,20,28.08181818,85.96262504,6.5,Moderate
10,20,20,29.18636364,85.86818882,6.5,Moderate
10,20,20,22.676,68.57441672,6.58,Moderate
10,20,20,27.65454545,87.1793851,6.42,Moderate
10,20,20,29.18636364,85.94800579,6.46,Moderate
10,20,20,28.54545455,85.95617678,6.6,Moderate
10,20,20,26.73636364,87.7500758,6.46,Moderate
10,20,20,28.08181818,86.10687295,6.44,Moderate
10,20,20,29.03727273,85.88362573,6.5,Moderate
10,20,20,29.18636364,85.96374459,6.56,Moderate
10,20,20,26.51818182,87.05525702,6.4,Moderate
10,20,20,14.7,92.54095421,6.38,Moderate
10,20,20,22.89090909,87.49283033,6.56,Moderate
10,20,20,29.03727273,85.88508222,6.52,Moderate
10,20,20,10.38,91.88354015,6.54,Moderate
10,20,20,28.54545455,85.96837973,6.38,Moderate
10,20,20,27.65454545,87.13258772,6.5,Moderate
10,20,20,28.54545455,85.94838511,6.4,Moderate
10,20,20,22.676,68.03453171,6.44,Moderate
10,20,20,27.65454545,87.13258772,6.52,Moderate
10,20,20,27.65454545,87.17422732,6.64,Moderate
10,20,20,10.38,91.89653466,6.68,Moderate
10,20,20,28.64818182,85.90116392,6.4,Moderate
10,20,20,28.08181818,85.99308752,6.66,Moderate
10,20,20,26.51818182,87.11081794,6.48,Moderate
10,20,20,27.65454545,87.27683563,6.44,Moderate
10,20,20,26.73636364,87.68329579,6.48,Moderate
10,20,20,22.676,68.46049559,6.68,Moderate
10,20,20,29.18636364,85.93401401,6.64,Moderate
10,20,20,29.03727273,86.144142,6.34,Moderate
10,20,20,26.51818182,87.08205408,6.38,Moderate
10,20,20,27.65454545,87.23180763,6.46,Moderate
10,20,20,22.676,68.60835632,6.62,Moderate
10,20,20,22.676,68.10126033,6.48,Moderate
10,20,20,27.63636364,87.19155699,6.38,Moderate
10,20,20,28.64818182,85.8325968,6.48,Moderate
10,20,20,28.99454545,85.88362573,6.5,Moderate
10,20,20,28.99454545,85.88362573,6.48,Moderate
10,20,20,22.676,67.85946718,6.42,Moderate
10,20,20,29.18636364,86.00540237,6.44,Moderate
10,20,20,29.18636364,85.95381443,6.6,Moderate
10,20,20,26.73636364,87.7883382,6.34,Moderate
10,20,20,29.18636364,85.94313054,6.38,Moderate
10,20,20,29.18636364,85.97903022,6.66,Moderate
10,20,20,26.51818182,87.06178736,6.42,Moderate
10,20,20,22.89090909,87.18823496,6.42,Moderate
10,20,20,28.54545455,85.95428887,6.42,Moderate
10,20,20,22.676,67.77345215,6.32,Moderate
10,20,20,29.03727273,85.88362573,6.48,Moderate
10,20,20,28.64818182,85.8325968,6.5,Moderate
10,20,20,28.08181818,86.20541125,6.36,Moderate
10,20,20,26.73636364,87.78715752,6.32,Moderate
10,20,20,27.65454545,87.20290965,6.58,Moderate
10,20,20,28.99454545,85.9791815,6.58,Moderate
10,20,20,10.38,91.86640099,6.48,Moderate
10,20,20,22.89090909,87.22714909,6.48,Moderate
10,20,20,22.676,68.57441672,6.56,Moderate
10,20,20,26.73636364,87.91358314,6.64,Moderate
10,20,20,28.54545455,86.00466296,6.44,Moderate
10,20,20,26.51818182,87.20760537,6.36,Moderate
10,20,20,25.76,67.31536979,6.66,Moderate
10,20,20,28.64818182,85.90706769,6.42,Moderate
10,20,20,26.51818182,87.3297132,6.68,Moderate
10,20,20,29.03727273,85.95652728,6.4,Moderate
10,20,20,23.56,77.74758032,6.64,Moderate
10,20,20,29.03727273,85.99446713,6.66,Moderate
10,20,20,28.99454545,85.95856745,6.38,Moderate
10,20,20,22.89090909,87.30404555,6.46,Moderate
10,20,20,22.676,68.55108816,6.66,Moderate
10,20,20,27.65454545,87.13258772,6.48,Moderate
10,20,20,26.73636364,87.74117131,6.54,Moderate
10,20,20,10.38,91.6955725,6.34,Moderate
10,20,20,28.99454545,85.9791815,6.56,Moderate
10,20,20,28.54545455,85.95617678,6.62,Moderate
10,20,20,22.676,68.56951572,6.64,Moderate
10,20,20,28.08181818,86.03826807,6.56,Moderate
10,20,20,26.51818182,87.35377389,6.56,Moderate
10,20,20,22.89090909,87.3204185,6.54,Moderate
10,20,20,28.08181818,85.96262504,6.48,Moderate
10,20,20,22.89090909,87.49283033,6.64,Moderate
10,20,20,22.676,68.10446623,6.46,Moderate
10,20,20,23.56,77.58027098,6.52,Moderate
10,20,20,26.73636364,87.91358314,6.56,Moderate
10,20,20,28.99454545,85.9634427,6.46,Moderate
10,20,20,25.76,66.5583999,6.34,Moderate
10,20,20,28.54545455,85.93200392,6.54,Moderate
10,20,20,27.65454545,87.3538288,6.34,Moderate
10,20,20,22.89090909,87.49283033,6.66,Moderate
10,20,20,27.65454545,87.09933209,6.68,Moderate
10,20,20,28.50727273,85.82994445,6.42,Moderate
10,20,20,26.51818182,87.35377389,6.62,Moderate
10,20,20,26.51818182,87.22312692,6.34,Moderate
10,20,20,10.38,91.78841113,6.44,Moderate
10,20,20,23.56,77.85634847,6.34,Moderate
10,20,20,28.64818182,86.1122967,6.34,Moderate
10,20,20,29.18636364,85.94699414,6.42,Moderate
10,20,20,29.18636364,86.12870509,6.34,Moderate
10,20,20,27.65454545,87.17156237,6.4,Moderate
10,20,20,29.18636364,85.94109037,6.4,Moderate
10,20,20,29.03727273,86.03054991,6.32,Moderate
10,20,20,28.08181818,86.03826807,6.58,Moderate
10,20,20,26.73636364,87.74117131,6.52,Moderate
10,20,20,28.99454545,86.02083927,6.44,Moderate
10,20,20,29.03727273,85.96925134,6.6,Moderate
10,20,20,26.73636364,87.91358314,6.66,Moderate
10,20,20,26.51818182,87.35377389,6.58,Moderate
10,20,20,26.73636364,87.77281665,6.36,Moderate
10,20,20,28.99454545,86.03054991,6.32,Moderate
10,20,20,29.18636364,85.91485343,6.68,Moderate
10,20,20,28.99454545,85.96925134,6.6,Moderate
133,47,24,24.40228894,79.19732001,7.231324765,Moderate
136,36,20,23.09595631,84.86275707,6.925412377,Moderate
104,47,18,23.9656349,76.97696717,7.633437412,Poor
133,47,23,24.88738107,75.62137159,6.827354668,Moderate
126,38,23,25.36243778,83.63276077,6.176716425,Moderate
126,50,19,24.69457084,81.7358876,6.628722836,Moderate
113,41,20,25.0017188,80.53965818,7.256877571,Moderate
121,45,22,22.45942937,81.30681027,6.443785385,Moderate
121,47,16,23.60564038,79.29573149,7.723240151,Poor
129,60,22,24.58453146,79.12404171,5.947448589,Poor
107,45,25,23.0865933,83.55546146,7.227745516,Moderate
122,59,18,23.5000992,83.63488952,6.219469084,Moderate
140,38,15,24.1472953,75.88298598,6.021439523,Moderate
102,49,21,24.69315538,84.84422454,6.253343655,Moderate
111,40,25,24.484692,84.44932014,6.187455799,Moderate
131,35,18,24.49112609,82.24415809,7.057693366,Moderate
135,43,16,23.47986888,81.73049149,6.720449769,Moderate
100,46,18,24.18586246,76.04203958,6.431689506,Moderate
123,39,24,25.00755095,78.17952126,7.453106264,Moderate
117,56,15,25.99237426,77.0543546,7.368258226,Poor
121,36,24,23.66457347,81.69105088,7.352401887,Moderate
101,58,18,25.66891439,81.38103349,6.652143699,Poor
107,42,24,22.04612876,84.62978302,6.144631795,Moderate
100,41,22,22.4204752,84.55794703,7.318802162,Moderate
125,39,21,25.03149561,82.21276599,7.954629324,Poor
105,60,23,23.53371386,77.21705554,6.207652157,Moderate
102,46,19,22.77076388,82.5993307,6.631005298,Moderate
131,49,22,25.49848236,79.9751579,7.306918817,Poor
139,35,15,25.248679,83.4630147,5.898293044,Moderate
108,36,19,22.78249615,77.51235009,7.238566893,Moderate
118,45,23,23.37044424,77.43198948,7.977651226,Moderate
107,51,22,24.86560781,78.22080815,5.983075895,Poor
125,60,17,24.14386157,84.51591287,6.785723961,Moderate
113,37,20,25.03300222,79.04368718,7.393441155,Moderate
131,52,16,23.65724079,84.47601498,6.486068274,Moderate
115,48,16,25.54359718,84.09229796,7.175934962,Poor
113,38,25,22.00085141,79.47270984,7.388265888,Moderate
111,41,18,23.64328417,78.1258666,6.10539819,Moderate
111,53,19,23.96436009,78.02763149,6.419536555,Moderate
122,48,16,24.65425757,75.6350708,6.307585854,Moderate
108,46,17,24.3017998,84.87668973,6.93221485,Moderate
132,41,22,24.29144926,81.02453404,7.810865753,Moderate
103,42,17,24.29470232,84.61527627,6.527541661,Moderate
133,50,25,25.72180042,81.19666206,7.569454601,Poor
127,37,18,24.87663664,76.30050373,7.041065585,Moderate
110,39,25,22.60612115,77.34264002,7.208795456,Moderate
131,38,19,23.86814008,75.68339729,6.814341946,Moderate
108,38,24,23.41022496,76.43836957,7.442217061,Moderate
122,40,17,24.96440768,81.31677618,6.854558957,Moderate
111,50,15,25.16820129,80.30351815,7.884550475,Poor
140,40,17,22.72767171,77.07598065,6.006085786,Moderate
100,40,20,22.45145981,76.25674874,7.432043735,Moderate
123,50,16,23.04920461,75.53835214,6.498052108,Moderate
107,36,21,25.29250148,75.66653335,6.205263534,Moderate
118,50,19,22.95604064,82.33733678,6.360812227,Moderate
103,51,20,22.80213132,84.14668447,7.046607434,Moderate
133,57,19,23.54234715,75.98203329,7.947011366,Poor
129,47,20,24.41212325,80.80343786,6.281913858,Moderate
116,52,19,22.94276687,75.37170612,6.114525877,Moderate
114,40,23,25.53676123,81.13668716,6.753978061,Moderate
131,60,17,25.32023717,81.79475917,7.425041316,Poor
107,43,18,22.426733,81.53480799,6.745104394,Moderate
123,44,21,25.78544484,75.00539324,7.641116569,Poor
112,49,25,25.68959532,77.90621048,6.470135478,Moderate
119,44,15,22.14593688,82.8597549,7.091992365,Moderate
130,59,19,25.07278712,82.50257909,6.520403794,Poor
127,53,24,22.21506982,76.17851932,6.127939628,Moderate
134,52,18,23.9643129,76.59175937,7.994679507,Poor
109,36,18,25.40059227,76.53237965,7.524707577,Moderate
100,48,17,23.7805123,83.03878838,7.827877818,Poor
132,52,19,24.16402322,76.7433897,6.436691764,Moderate
102,37,25,25.31468463,77.91757121,5.907930899,Moderate
111,39,22,22.60361557,80.3509046,6.135025006,Moderate
117,51,15,22.9535715,78.71555832,6.044556594,Moderate
136,36,24,22.74446976,80.41198458,7.59781958,Moderate
134,56,18,23.80834611,83.91902605,6.691268104,Moderate
112,54,15,25.46228792,81.56641891,6.175492306,Poor
105,56,15,25.96779712,81.97904282,7.272316209,Poor
140,45,15,25.5308271,80.04662756,5.801047545,Poor
126,46,25,24.43847399,81.69801729,6.757457943,Moderate
106,49,24,23.03887865,76.47039772,6.983395573,Moderate
121,53,19,23.51308653,76.72621429,7.976889498,Poor
108,60,17,22.75805656,76.75768356,6.558902588,Moderate
116,56,17,24.71252544,77.7293114,7.979090365,Poor
100,52,19,23.45969093,82.44777468,7.903528673,Poor
129,43,16,25.5503704,77.85055621,6.73210948,Moderate
118,44,23,22.08458267,82.82904143,6.691690476,Moderate
117,43,25,24.68854799,78.51206972,7.839849298,Moderate
126,37,21,25.84997269,84.16855231,6.61448588,Moderate
120,48,16,22.46054478,75.40989245,7.456971816,Moderate
102,45,16,23.65629976,77.52425987,7.2942193,Moderate
131,56,20,22.00817088,81.83896111,7.762647875,Poor
114,40,17,24.32630461,80.13456404,6.363406102,Moderate
101,37,18,22.92360984,82.68738535,7.63737841,Moderate
106,46,20,23.43821725,78.63388824,6.200671976,Moderate
113,38,20,22.10718988,78.58320116,6.364729934,Moderate
102,53,21,23.03814028,76.11021529,6.913678684,Moderate
110,39,18,24.54795322,75.39752705,7.766259769,Moderate
107,58,15,23.73868041,75.77503808,7.55606399,Poor
120,60,15,22.31871914,83.86129998,7.288377241,Moderate
60,60,85,28.08181818,85.90926967,6.42,Moderate
60,60,85,28.99454545,85.87171429,6.34,Moderate
60,60,85,27.65454545,86.07745728,6.52,Moderate
60,60,85,27.65454545,85.96630692,6.4,Moderate
60,60,85,28.08181818,85.88081423,6.38,Moderate
60,60,85,28.99454545,86.18970499,6.62,Moderate
60,60,85,28.99454545,85.90947665,6.4,Moderate
60,60,85,27.65454545,86.12068122,6.48,Moderate
60,60,85,27.65454545,86.08507336,6.5,Moderate
60,60,85,28.99454545,86.20056483,6.6,Moderate
60,60,85,28.99454545,86.089417,6.48,Moderate
60,60,85,27.65454545,86.23076753,6.68,Moderate
60,60,85,28.99454545,86.1940615,6.66,Moderate
60,60,85,28.99454545,86.05380914,6.5,Moderate
40,20,10,27.90909091,91.61507664,6.64,Moderate
40,20,10,27.65454545,91.59697331,6.6,Moderate
40,20,10,27.65454545,91.60638673,6.54,Moderate
40,20,10,27.90909091,91.61507664,6.66,Moderate
40,20,10,27.65454545,91.75127529,6.38,Moderate
40,20,10,27.90909091,91.6040162,6.5,Moderate
40,20,10,27.65454545,91.68394082,6.46,Moderate
40,20,10,27.90909091,92.19029112,6.32,Moderate
40,20,10,27.65454545,91.70582064,6.4,Moderate
40,20,10,27.65454545,91.60638673,6.48,Moderate
40,20,10,27.90909091,91.59460278,6.58,Moderate
40,20,10,27.90909091,91.6040162,6.52,Moderate
40,20,10,27.65454545,92.18473834,6.34,Moderate
40,20,10,27.65454545,91.61744717,6.62,Moderate
50,10,60,28.64818182,87.93260515,5.46,Poor
50,10,60,28.54545455,86.10893108,5.34,Poor
50,10,60,29.95636364,88.21498334,5.5,Poor
50,10,60,22.89090909,88.29285457,5.66,Moderate
50,10,60,26.51818182,85.70226289,5.32,Poor
50,10,60,28.64818182,86.50830348,5.42,Poor
50,10,60,28.54545455,86.50830348,5.4,Poor
50,10,60,19.94545455,84.13287417,5.42,Poor
50,10,60,22.89090909,88.10815316,5.48,Poor
50,10,60,22.676,85.62256666,5.42,Poor
50,10,60,26.73636364,87.80359401,5.62,Poor
50,10,60,29.95636364,85.9865749,5.34,Poor
50,10,60,28.64818182,88.27137409,5.64,Poor
50,10,60,26.73636364,87.80359401,5.56,Poor
50,10,60,29.18636364,88.26537354,5.52,Poor
50,10,60,26.51818182,85.77364031,5.36,Poor
50,10,60,26.51818182,87.43112448,5.44,Poor
50,10,60,28.54545455,88.08667269,5.48,Poor
50,10,60,19.94545455,84.13287417,5.4,Poor
50,10,60,29.95636364,87.87621439,5.46,Poor
50,10,60,29.03727273,88.26123958,5.62,Poor
50,10,60,27.65454545,88.28234565,5.56,Poor
50,10,60,29.18636364,86.5147195,5.4,Poor
50,10,60,26.73636364,86.21081874,5.42,Poor
50,10,60,26.51818182,87.80692628,5.5,Poor
50,10,60,29.03727273,88.26123958,5.52,Poor
50,10,60,22.89090909,86.32378799,5.36,Poor
50,10,60,28.64818182,88.27137409,5.68,Poor
50,10,60,28.64818182,88.27137409,5.6,Poor
50,10,60,22.676,87.11902928,5.68,Moderate
50,10,60,27.65454545,86.51927504,5.42,Poor
50,10,60,28.64818182,88.27137409,5.54,Poor
50,10,60,28.54545455,86.10893108,5.36,Poor
50,10,60,28.64818182,86.13450975,5.38,Poor
50,10,60,28.54545455,87.72527696,5.44,Poor
50,10,60,10.38,85.74343814,5.54,Poor
50,10,60,28.64818182,85.89643744,5.32,Poor
50,10,60,28.54545455,88.27137409,5.64,Poor
50,10,60,29.03727273,88.07653817,5.48,Poor
50,10,60,29.18636364,88.26537354,5.54,Poor
50,10,60,26.73636364,87.80359401,5.52,Poor
50,10,60,22.89090909,88.09175698,5.46,Poor
50,10,60,28.33333333,88.27137409,5.66,Poor
50,10,60,10.38,86.18656599,5.64,Poor
50,10,60,28.54545455,88.27137409,5.5,Poor
50,10,60,22.676,84.97623438,5.32,Poor
50,10,60,28.64818182,88.27137409,5.62,Poor
50,10,60,22.89090909,86.69438765,5.42,Poor
50,10,60,26.73636364,85.77364031,5.36,Poor
50,10,60,28.64818182,88.27137409,5.56,Poor
50,10,60,29.03727273,88.26123958,5.64,Poor
50,10,60,28.64818182,86.10893108,5.36,Poor
50,10,60,22.89090909,86.69438765,5.4,Poor
50,10,60,14.7,85.26842544,5.5,Poor
50,10,60,26.73636364,87.80359401,5.54,Poor
50,10,60,22.676,86.89754032,5.44,Poor
50,10,60,29.03727273,86.12134765,5.36,Poor
50,10,60,29.18636364,88.08067214,5.48,Poor
50,10,60,29.18636364,88.26537354,5.58,Poor
50,10,60,22.89090909,86.25241056,5.32,Poor
50,10,60,10.38,86.1637401,5.62,Poor
50,10,60,29.18636364,88.26537354,5.68,Poor
50,10,60,15.5,84.93702633,5.4,Poor
50,10,60,28.64818182,86.10893108,5.34,Poor
50,10,60,27.65454545,88.28234565,5.58,Poor
50,10,60,28.64818182,88.27137409,5.58,Poor
50,10,60,29.18636364,87.73169298,5.44,Poor
50,10,60,27.90909091,88.28234565,5.64,Poor
50,10,60,28.54545455,86.13450975,5.38,Poor
50,10,60,26.51818182,87.80692628,5.6,Poor
50,10,60,28.99454545,86.51058554,5.4,Poor
50,10,60,28.64818182,88.27137409,5.52,Poor
50,10,60,28.64818182,88.08667269,5.48,Poor
50,10,60,22.676,85.16152688,5.36,Poor
50,10,60,22.89090909,88.29285457,5.5,Moderate
50,10,60,29.03727273,88.26123958,5.58,Poor
50,10,60,28.54545455,88.27137409,5.56,Poor
50,10,60,26.73636364,87.61889261,5.48,Poor
50,10,60,26.51818182,87.80692628,5.54,Poor
50,10,60,23.56,86.99924876,5.32,Poor
50,10,60,28.64818182,88.27137409,5.66,Poor
50,10,60,29.18636364,88.26537354,5.66,Poor
50,10,60,22.676,87.12852633,5.54,Moderate
50,10,60,28.64818182,88.27137409,5.5,Poor
50,10,60,29.18636364,88.26537354,5.64,Poor
50,10,60,28.64818182,87.72527696,5.44,Poor
50,10,60,29.18636364,86.5147195,5.42,Poor
50,10,60,22.676,87.12852633,5.5,Moderate
50,10,60,28.54545455,88.27137409,5.6,Poor
50,10,60,23.56,89.14780505,5.64,Moderate
50,10,60,28.50727273,88.27137409,5.58,Poor
50,10,60,22.676,87.12993176,5.62,Moderate
50,10,60,26.73636364,87.80359401,5.64,Poor
50,10,60,20.70909091,85.73884152,5.58,Moderate
50,10,60,15.5,86.07888067,5.58,Moderate
50,10,60,27.65454545,86.11990264,5.36,Poor
50,10,60,29.95636364,88.21498334,5.66,Poor
50,10,60,28.54545455,88.27137409,5.62,Poor
50,10,60,22.676,87.12852633,5.52,Moderate
50,10,60,28.33333333,88.27137409,5.64,Poor
50,10,60,29.18636364,85.91298797,5.32,Poor
50,10,60,22.89090909,88.29285457,5.6,Moderate
50,10,60,19.94545455,84.31110963,5.48,Poor
50,10,60,22.89090909,88.29285457,5.54,Moderate
50,10,60,29.95636364,88.21498334,5.68,Poor
50,10,60,10.38,84.90337601,5.44,Poor
50,10,60,29.18636364,87.9266046,5.46,Poor
50,10,60,29.18636364,88.26537354,5.56,Poor
50,10,60,19.94545455,84.9749216,5.54,Moderate
50,10,60,29.03727273,87.72755901,5.44,Poor
50,10,60,28.33333333,88.27137409,5.5,Poor
50,10,60,28.33333333,86.13450975,5.38,Poor
50,10,60,19.94545455,83.89567786,5.32,Poor
50,10,60,29.18636364,88.26537354,5.62,Poor
50,10,60,29.95636364,85.9865749,5.36,Poor
50,10,60,27.65454545,86.1454813,5.38,Poor
50,10,60,26.73636364,85.79921897,5.38,Poor
50,10,60,19.94545455,83.96705528,5.38,Poor
50,10,60,26.51818182,85.77364031,5.34,Poor
50,10,60,19.94545455,85.38836862,5.66,Moderate
50,10,60,22.89090909,86.32378799,5.34,Poor
50,10,60,28.54545455,88.27137409,5.66,Poor
50,10,60,19.94545455,84.31110963,5.46,Poor
50,10,60,29.95636364,88.21498334,5.58,Poor
50,10,60,28.50727273,86.10893108,5.36,Poor
50,10,60,28.50727273,87.93260515,5.46,Poor
50,10,60,15.5,85.2999632,5.52,Moderate
50,10,60,19.94545455,84.13287417,5.44,Poor
50,10,60,29.95636364,88.21498334,5.52,Poor
50,10,60,26.73636364,87.60602768,5.46,Poor
50,10,60,28.54545455,88.27137409,5.68,Poor
50,10,60,10.38,86.04324505,5.58,Poor
50,10,60,29.03727273,86.14692632,5.38,Poor
50,10,60,20.70909091,84.98783929,5.5,Moderate
50,10,60,26.51818182,87.80692628,5.52,Poor
50,10,60,27.90909091,86.51927504,5.42,Poor
50,10,60,26.51818182,87.80692628,5.66,Poor
50,10,60,22.676,85.5631316,5.4,Poor
50,10,60,29.95636364,86.37581279,5.42,Poor
50,10,60,28.54545455,85.89643744,5.32,Poor
50,10,60,26.51818182,86.21081874,5.42,Poor
50,10,60,10.38,86.18076101,5.68,Poor
50,10,60,27.65454545,88.28234565,5.54,Poor
50,10,60,29.03727273,85.90885401,5.32,Poor
50,10,60,28.54545455,88.27137409,5.52,Poor
50,10,60,26.73636364,87.80359401,5.5,Poor
50,10,60,26.51818182,87.80692628,5.56,Poor
50,10,60,27.65454545,88.28234565,5.6,Poor
50,10,60,28.64818182,86.50830348,5.4,Poor
50,10,60,19.94545455,85.38836862,5.64,Moderate
50,10,60,26.73636364,87.80359401,5.68,Poor
50,10,60,28.50727273,86.13450975,5.38,Poor
50,10,60,26.73636364,85.77364031,5.34,Poor
50,10,60,29.03727273,88.26123958,5.68,Poor
50,10,60,22.676,87.12993176,5.56,Moderate
50,10,60,22.89090909,87.91352152,5.44,Poor
50,10,60,27.65454545,88.28234565,5.52,Poor
50,10,60,19.94545455,84.49581104,5.5,Moderate
50,10,60,29.18636364,88.26537354,5.6,Poor
50,10,60,22.676,87.12993176,5.58,Moderate
50,10,60,22.89090909,88.29285457,5.64,Moderate
50,10,60,29.03727273,88.26123958,5.66,Poor
50,10,60,26.73636364,86.21081874,5.4,Poor
50,10,60,22.676,85.18710555,5.38,Poor
50,10,60,27.86666667,86.51927504,5.4,Poor
50,10,60,22.89090909,88.29285457,5.62,Moderate
50,10,60,26.51818182,85.79921897,5.38,Poor
50,10,60,22.89090909,88.29285457,5.68,Moderate
50,10,60,26.73636364,87.42779222,5.44,Poor
50,10,60,29.95636364,88.21498334,5.6,Poor
50,10,60,28.54545455,88.27137409,5.58,Poor
50,10,60,22.89090909,86.34936665,5.38,Poor
50,10,60,26.73636364,85.70226289,5.32,Poor
50,10,60,10.38,85.08161147,5.46,Poor
50,10,60,28.54545455,88.27137409,5.54,Poor
50,10,60,22.676,87.07577578,5.46,Poor
50,10,60,20.70909091,84.62490243,5.42,Poor
50,10,60,26.51818182,87.80692628,5.58,Poor
50,10,60,29.03727273,86.51058554,5.4,Poor
50,10,60,23.56,87.07062618,5.36,Poor
24,130,195,29.99677232,81.54156612,6.112305667,Poor
13,144,204,30.7280404,82.42614055,6.092241627,Poor
22,123,205,32.44577836,83.88504863,5.896343436,Poor
36,125,196,37.46566825,80.65968681,6.15526103,Poor
24,131,196,22.03296178,83.74372787,5.732453638,Poor
2,123,198,39.64851881,82.21079946,6.253034534,Poor
35,140,197,16.77557314,82.75241875,6.106190557,Moderate
11,122,195,12.14190714,83.56812483,5.647202395,Poor
6,123,203,12.7567962,81.62497448,6.130310493,Poor
17,134,204,39.04071989,80.18393287,6.499604931,Poor
25,130,197,39.70772192,82.68593454,5.554831977,Poor
27,145,205,9.467960445,82.29335466,5.800242694,Poor
9,122,201,29.58748357,80.91934392,5.570290539,Poor
16,139,203,17.82803682,80.96093443,6.27564088,Poor
32,141,204,8.825674745,82.89753705,5.536645599,Poor
22,138,195,27.83487131,83.51444973,6.208196881,Poor
31,144,202,11.02105378,80.55557235,5.870600622,Poor
3,136,205,17.5862944,80.84806564,6.334771461,Poor
28,122,197,19.89363946,82.73366439,5.856575335,Poor
4,136,204,29.93707596,81.77713468,5.898944282,Poor
39,145,201,36.73126647,80.58931938,5.775600435,Poor
38,132,197,20.42094753,81.54185044,5.931101816,Poor
36,133,198,25.51939719,83.98351748,6.2286454,Poor
25,121,201,30.50734778,82.71775569,5.594240603,Poor
15,125,199,18.4269936,80.55625868,5.569230319,Poor
24,140,205,12.087022,83.59398734,5.93202852,Poor
13,132,203,23.60115364,82.48336987,6.423216506,Poor
5,126,197,12.80000387,81.20876367,6.417500829,Poor
30,120,200,38.06099482,82.24729637,6.234904253,Poor
23,142,197,39.06555518,82.03812973,6.000573725,Poor
26,135,203,33.78372897,81.16314317,5.685102769,Poor
7,126,203,16.76201707,82.00335557,5.662140095,Poor
32,139,198,35.89307536,82.66850729,6.358186848,Poor
9,141,202,21.01245395,81.17931863,6.119495295,Poor
20,142,196,10.89875873,80.01639435,6.207600783,Poor
32,129,201,16.36251869,83.00471609,6.48754639,Moderate
3,134,199,20.28370163,81.32235739,5.81717753,Poor
38,138,204,25.11108456,83.25447587,6.325480034,Poor
14,131,198,33.4641162,83.86742974,5.562790949,Poor
20,122,204,11.7976469,80.86325389,6.487369687,Poor
40,126,201,11.36300891,80.03100049,6.116982944,Poor
36,128,204,25.23542319,80.68700527,5.695792761,Poor
11,132,197,15.99050693,81.23966573,5.734317007,Poor
0,137,195,22.4359017,80.18612085,6.329499832,Poor
19,123,200,34.76086052,81.03544763,6.167013532,Poor
31,136,197,31.11047251,83.34010951,5.653776058,Poor
4,134,200,28.57828803,80.95628959,5.840256272,Poor
39,139,201,41.18664903,81.01783402,5.539980812,Poor
8,127,196,27.02766138,83.17093908,5.833302165,Poor
39,138,203,21.19339319,82.33098331,6.399433771,Moderate
32,120,204,10.38004759,83.44518113,6.138958698,Poor
12,142,203,31.3115978,82.56407013,5.972850838,Poor
8,133,195,20.46657776,80.97598029,6.456079585,Poor
8,139,199,29.36947679,81.53996362,6.336426667,Poor
21,134,202,10.72302459,80.02130636,6.425419926,Poor
40,140,195,14.97846952,80.49979873,6.294395676,Poor
39,127,202,15.3246651,81.67215994,6.477768039,Moderate
19,120,195,18.73932187,81.12109244,5.931538447,Poor
21,139,201,19.3642553,83.36094029,5.980598579,Poor
17,136,195,41.20733624,81.61051026,6.389783283,Poor
33,139,203,33.34214482,82.51034633,5.693287415,Poor
22,133,201,23.81995682,80.12211649,6.00299607,Poor
32,130,196,40.66012294,81.24995984,6.372959542,Poor
37,135,205,11.82768186,80.2827185,5.510924849,Poor
15,140,195,13.28504331,83.54193816,5.69945282,Poor
39,132,196,35.83089092,83.32560104,5.778594403,Poor
40,121,199,26.18159716,81.03886263,6.315586313,Poor
40,132,202,24.57558351,80.70695797,5.971813006,Poor
29,142,203,29.67229086,83.71498986,5.891195653,Poor
32,121,199,39.37102553,81.25353895,6.129812716,Poor
6,140,205,17.66558428,82.92903419,6.313085601,Poor
8,120,196,24.06679352,82.66396666,6.053662544,Poor
34,133,202,15.31413469,80.09711412,5.804799142,Poor
35,135,199,21.77466746,80.54942557,6.400719746,Moderate
16,145,199,26.91624843,80.76838926,5.953966361,Poor
8,136,201,41.65602996,82.22118237,5.609255992,Poor
25,129,195,17.98667801,81.17712085,5.777271492,Poor
16,130,201,29.12033769,82.79092939,5.682395429,Poor
39,129,203,34.38922481,83.18392806,5.863996687,Poor
38,135,203,41.36106301,82.79782954,6.444373116,Poor
33,120,205,35.12158265,82.26890793,5.550832178,Poor
35,125,204,19.6491772,80.15215777,6.107741788,Moderate
1,132,200,16.27852801,82.94270065,5.620745638,Poor
39,140,203,21.11903604,80.63399198,6.349875906,Moderate
28,145,202,19.2077707,82.9042841,6.484323189,Poor
6,128,200,25.96308415,82.57813624,5.838748311,Poor
6,139,199,25.67385024,81.6212135,6.29099842,Poor
29,122,196,41.94865736,81.15595212,5.638328481,Poor
37,144,197,11.18994268,80.8084305,6.415555956,Poor
38,120,197,17.5438296,82.94703302,6.323722572,Moderate
38,141,198,13.05809741,80.28297993,5.757009965,Poor
14,121,203,9.724457611,83.74765639,6.158689406,Poor
6,125,204,27.92004934,82.93262435,5.733539807,Poor
32,138,197,9.535585543,80.73112694,5.908724337,Poor
11,124,204,13.42988625,80.06633966,6.361141107,Poor
23,138,200,9.851242629,80.22631717,5.96537863,Poor
40,143,201,24.97256132,82.72828653,6.476757723,Moderate
6,142,202,27.23708304,82.94573346,6.224542938,Poor
37,124,195,18.70679077,83.4795292,6.209928251,Moderate
35,134,204,9.949929082,82.55138983,5.841138354,Poor
20,60,20,21.3,39.10015476,5.86,Moderate
20,60,20,29.26666667,51.51794246,5.94,Moderate
20,60,20,25.46,65.21434416,6.1,Moderate
20,60,20,28.5,64.66876721,6.12,Moderate
20,60,20,21.3,55.1720924,6.02,Moderate
20,60,20,22.6,65.24280842,6.18,Moderate
20,60,20,30.26666667,52.36590225,6.04,Moderate
20,60,20,23.56,51.83867652,5.98,Moderate
20,60,20,29.56666667,60.51298746,5.96,Poor
20,60,20,22.03333333,64.53945345,6.1,Moderate
20,60,20,27.86666667,50.69315649,5.88,Moderate
20,60,20,23.56,35.55824896,5.88,Moderate
20,60,20,21.3,55.35542527,6.08,Moderate
20,60,20,22.28,51.15275621,6.12,Moderate
20,60,20,23.56,52.21941013,6.0,Moderate
20,60,20,25.66666667,62.55265413,5.98,Poor
20,60,20,28.5,64.83024242,6.16,Moderate
20,60,20,25.66666667,48.98629986,5.88,Moderate
20,60,20,29.56666667,51.71637019,5.9,Moderate
20,60,20,29.26666667,60.7550828,5.96,Poor
20,60,20,22.28,24.58169534,5.84,Poor
20,60,20,33.58333333,46.14749986,6.02,Moderate
20,60,20,23.56,35.64444826,5.92,Moderate
20,60,20,25.46,48.32477322,5.84,Moderate
20,60,20,21.3,55.53433188,6.1,Moderate
20,60,20,22.6,39.03500592,5.84,Moderate
20,60,20,22.03333333,65.2825857,6.14,Moderate
20,60,20,28.33333333,62.11990229,6.0,Moderate
20,60,20,28.03333333,64.22328267,6.08,Moderate
20,60,20,22.6,38.86091611,5.82,Moderate
20,60,20,29.26666667,64.3036485,6.06,Moderate
20,60,20,26.43333333,65.2720503,6.08,Moderate
20,60,20,33.58333333,46.2078866,5.98,Poor
20,60,20,29.56666667,61.75351161,5.98,Poor
20,60,20,22.6,61.1647147,6.0,Moderate
20,60,20,22.6,56.27195379,5.96,Moderate
20,60,20,21.3,39.20495556,5.94,Moderate
20,60,20,29.26666667,64.83743607,6.16,Moderate
20,60,20,28.03333333,64.29757145,6.06,Moderate
20,60,20,33.58333333,46.16194295,6.04,Moderate
20,60,20,23.56,35.47782159,5.84,Moderate
20,60,20,25.66666667,62.89091719,6.0,Moderate
20,60,20,29.26666667,51.36829898,5.82,Moderate
20,60,20,23.56,51.17161626,6.14,Moderate
20,60,20,33.58333333,46.14044375,6.16,Moderate
20,60,20,25.574,46.63430909,5.88,Moderate
20,60,20,33.58333333,46.08607378,6.06,Moderate
20,60,20,25.46,65.07222032,6.08,Moderate
20,60,20,21.3,56.16009913,6.18,Moderate
20,60,20,22.6,39.14281372,5.92,Moderate
20,60,20,22.03333333,39.46375177,5.9,Moderate
20,60,20,30.26666667,49.03724122,5.92,Poor
20,60,20,30.26666667,51.12745656,5.96,Poor
20,60,20,23.56,35.63285116,5.94,Moderate
20,60,20,29.56666667,63.84047774,6.08,Moderate
20,60,20,22.6,64.10147152,6.02,Moderate
20,60,20,22.38,45.74555482,5.96,Moderate
20,60,20,25.46,48.34660361,5.86,Moderate
20,60,20,23.56,51.06965736,6.04,Moderate
20,60,20,28.5,62.11760415,6.0,Moderate
20,60,20,29.56666667,51.49164243,5.94,Moderate
20,60,20,29.56666667,63.91476653,6.06,Moderate
20,60,20,25.574,59.67949155,6.0,Moderate
20,60,20,33.58333333,46.31951819,6.0,Moderate
20,60,20,23.56,51.27436006,6.12,Moderate
20,60,20,28.5,50.20386551,5.82,Moderate
20,60,20,25.66666667,65.32284425,6.1,Moderate
20,60,20,30.43,50.07787461,5.9,Poor
20,60,20,22.38,55.96402728,6.0,Moderate
20,60,20,21.3,39.12600379,5.84,Moderate
20,60,20,22.28,51.00622333,6.16,Moderate
20,60,20,33.58333333,45.98418595,5.96,Poor
20,60,20,25.46,48.65073318,5.88,Moderate
20,60,20,22.6,39.10082535,5.88,Moderate
20,60,20,25.574,47.67812278,5.92,Moderate
20,60,20,21.3,55.3978899,6.0,Moderate
20,60,20,25.46,49.09186623,5.94,Moderate
20,60,20,25.46,65.18027066,6.04,Moderate
20,60,20,25.574,46.24225137,5.82,Moderate
20,60,20,28.03333333,64.60769562,6.18,Moderate
20,60,20,28.03333333,64.28860821,6.1,Moderate
20,60,20,28.03333333,50.17690096,5.86,Moderate
20,60,20,30.43,49.85491934,5.82,Poor
20,60,20,28.33333333,50.18310459,5.82,Moderate
20,60,20,28.5,64.37313854,6.04,Moderate
20,60,20,22.28,50.81028826,6.04,Moderate
20,60,20,30.26666667,51.9125315,6.18,Moderate
20,60,20,23.56,35.47803035,5.86,Moderate
20,60,20,27.65454545,64.61820558,6.04,Moderate
20,60,20,21.3,55.35376856,6.04,Moderate
20,60,20,21.3,56.39195017,6.16,Moderate
20,60,20,25.574,62.54057513,6.16,Moderate
20,60,20,28.33333333,50.65663127,5.92,Moderate
20,60,20,22.6,64.27533396,6.04,Moderate
20,60,20,23.56,51.19421915,6.08,Moderate
20,60,20,21.3,55.44900776,6.06,Moderate
20,60,20,22.6,39.11463472,5.9,Moderate
20,60,20,29.56666667,51.45700071,5.88,Moderate
20,60,20,28.5,64.80833593,6.14,Moderate
20,60,20,25.574,61.617239,6.02,Moderate
20,60,20,28.5,50.41954957,5.88,Moderate
20,60,20,21.3,55.15695969,5.98,Moderate
20,60,20,28.5,50.13397152,5.86,Moderate
20,60,20,22.38,62.75139772,6.14,Moderate
20,60,20,22.38,24.13967842,5.82,Poor
20,60,20,29.56666667,51.26333596,5.84,Moderate
20,60,20,22.03333333,39.45326305,5.88,Moderate
20,60,20,21.3,39.16370657,5.88,Moderate
20,60,20,22.38,24.60529778,5.9,Poor
20,60,20,28.03333333,64.66988381,6.12,Moderate
20,60,20,28.68,50.65834922,5.92,Moderate
20,60,20,22.03333333,39.39043445,5.84,Moderate
20,60,20,33.58333333,46.14044375,6.18,Moderate
20,60,20,21.3,51.65350122,5.96,Moderate
20,60,20,28.03333333,61.86642974,5.98,Poor
20,60,20,30.43,49.94801275,5.94,Poor
20,60,20,22.28,24.84983797,5.92,Poor
20,60,20,23.56,50.97547109,6.16,Moderate
20,60,20,22.6,64.77782006,6.12,Moderate
20,60,20,22.03333333,56.45429811,5.96,Moderate
20,60,20,27.65454545,64.63730357,6.02,Moderate
20,60,20,33.58333333,46.17970776,5.88,Poor
20,60,20,28.5,61.84862928,5.98,Poor
20,60,20,27.65454545,62.44244671,6.0,Moderate
20,60,20,25.46,65.75673206,6.18,Moderate
20,60,20,29.56666667,64.01054821,6.02,Moderate
20,60,20,22.03333333,39.49193078,5.92,Moderate
20,60,20,27.65454545,50.97814511,5.9,Moderate
20,60,20,28.5,64.60657903,6.18,Moderate
20,60,20,33.58333333,46.13008238,5.86,Poor
20,60,20,30.43,49.76181665,5.86,Poor
20,60,20,25.66666667,48.75829885,5.82,Moderate
20,60,20,25.66666667,65.31771656,6.02,Moderate
20,60,20,29.26666667,64.22935971,6.08,Moderate
20,60,20,25.46,49.01403101,5.9,Moderate
20,60,20,28.5,64.22216607,6.08,Moderate
20,60,20,22.6,65.18267957,6.14,Moderate
20,60,20,25.66666667,65.2550092,6.06,Moderate
20,60,20,33.58333333,46.68848256,5.92,Poor
20,60,20,30.26666667,48.03061069,5.88,Poor
20,60,20,28.5,50.67739219,5.92,Moderate
20,60,20,22.6,64.4017003,6.06,Moderate
20,60,20,22.03333333,64.42731764,6.08,Moderate
20,60,20,23.56,35.28210971,5.82,Moderate
20,60,20,29.26666667,51.71165704,5.92,Moderate
20,60,20,35.34666667,46.35592556,5.9,Poor
20,60,20,25.574,61.73974993,6.06,Moderate
20,60,20,25.574,55.56479168,5.96,Moderate
20,60,20,27.65454545,65.06798452,6.16,Moderate
20,60,20,29.56666667,51.26333596,5.86,Moderate
20,60,20,21.3,39.17419529,5.9,Moderate
20,60,20,25.574,47.43315149,5.94,Moderate
20,60,20,29.56666667,64.28714104,6.12,Moderate
20,60,20,26.43333333,49.85999642,5.9,Moderate
20,60,20,30.43,47.05281064,6.06,Moderate
20,60,20,25.46,65.59227807,6.12,Moderate
20,60,20,30.43,47.18578245,6.16,Moderate
20,60,20,25.46,48.42273216,5.82,Moderate
20,60,20,22.38,24.88017114,5.94,Poor
20,60,20,22.6,64.43954732,6.1,Moderate
20,60,20,29.26666667,64.29468525,6.1,Moderate
20,60,20,22.6,39.02346541,5.86,Moderate
20,60,20,25.574,46.24225137,5.84,Moderate
20,60,20,33.58333333,46.63319809,5.94,Poor
20,60,20,25.66666667,60.46361945,5.96,Poor
20,60,20,22.6,64.32741151,6.08,Moderate
20,60,20,28.5,64.29645485,6.06,Moderate
20,60,20,29.56666667,51.68535701,5.92,Moderate
20,60,20,30.26666667,52.42085461,6.1,Moderate
20,60,20,22.28,50.83225178,6.1,Moderate
20,60,20,25.46,65.75673206,6.16,Moderate
20,60,20,28.03333333,64.40067807,6.02,Moderate
20,60,20,21.3,56.29694157,6.14,Moderate
20,60,20,23.56,50.97847387,6.1,Moderate
20,60,20,27.65454545,64.53419695,6.06,Moderate
20,60,20,28.03333333,64.83135902,6.16,Moderate
20,60,20,28.68,50.18482254,5.82,Moderate
20,60,20,22.6,65.24280842,6.16,Moderate
20,60,20,22.38,62.87164677,6.18,Moderate
20,60,20,35.34666667,46.04839918,6.18,Moderate
20,60,20,29.56666667,63.99145022,6.04,Moderate
20,60,20,28.03333333,50.52660705,5.94,Moderate
20,60,20,25.46,62.27845209,5.98,Poor
20,60,20,21.3,39.08099447,5.82,Moderate
20,60,20,30.43,47.05257596,6.1,Moderate
20,60,20,30.26666667,48.8498093,5.94,Poor
20,60,20,27.65454545,50.78209678,5.94,Moderate
20,60,20,25.66666667,49.34959769,5.9,Moderate
20,60,20,22.03333333,64.2085204,6.02,Moderate
20,60,20,23.56,50.72898458,6.18,Moderate
20,60,20,30.43,46.97141675,6.12,Moderate
20,60,20,23.56,51.2383134,6.06,Moderate
20,60,20,25.66666667,48.66033991,5.84,Moderate
20,60,20,27.86666667,50.39279576,5.84,Moderate
20,60,20,29.26666667,64.39943018,6.02,Moderate
20,60,20,30.43,47.12586215,6.02,Moderate
20,60,20,21.3,39.20495556,5.92,Moderate
20,60,20,22.38,53.29113878,5.98,Moderate
20,60,20,33.58333333,46.76730628,5.9,Poor
20,60,20,25.46,65.73272774,6.14,Moderate
20,60,20,22.38,24.54573894,5.88,Poor
20,60,20,33.58333333,46.13881865,6.14,Moderate
20,60,20,30.43,47.14030523,6.04,Moderate
20,60,20,27.65454545,65.04607803,6.14,Moderate
20,60,20,28.03333333,50.24679495,5.82,Moderate
20,60,20,29.26666667,51.72337428,5.9,Moderate
20,60,20,29.56666667,51.3612949,5.82,Moderate
20,60,20,23.562,56.66049518,6.0,Moderate
20,60,20,30.26666667,52.08008398,5.98,Poor
20,60,20,27.86666667,50.42086071,5.86,Moderate
20,60,20,22.28,50.89097559,6.08,Moderate
20,60,20,25.66666667,65.84122783,6.14,Moderate
20,60,20,27.65454545,50.52303204,5.82,Moderate
20,60,20,22.38,61.89795961,6.1,Moderate
20,60,20,25.46,60.1894174,5.96,Poor
20,60,20,30.43,49.84373704,5.88,Poor
20,60,20,28.5,60.21900789,5.96,Poor
20,60,20,25.46,62.77256929,6.0,Moderate
20,60,20,22.03333333,61.27176358,6.0,Moderate
20,60,20,22.6,39.14266987,5.94,Moderate
20,60,20,33.58333333,46.06744197,6.1,Moderate
20,60,20,28.03333333,64.38158007,6.04,Moderate
20,60,20,22.03333333,65.34271455,6.18,Moderate
20,60,20,27.65454545,62.19329409,5.98,Poor
20,60,20,25.574,47.42080906,5.9,Moderate
20,60,20,28.68,64.3476386,6.08,Moderate
20,60,20,28.68,50.11492855,5.86,Moderate
20,60,20,22.28,24.83665247,5.94,Poor
20,60,20,25.66666667,65.29861856,6.04,Moderate
20,60,20,27.65454545,60.85201601,5.96,Poor
20,60,20,30.26666667,52.14894175,6.14,Moderate
20,60,20,25.66666667,65.86523215,6.16,Moderate
20,60,20,29.56666667,64.12778998,6.18,Moderate
20,60,20,28.68,64.95571496,6.16,Moderate
20,60,20,29.26666667,62.33097375,6.0,Moderate
20,60,20,25.574,61.52495345,6.04,Moderate
20,60,20,22.28,50.76127308,6.02,Moderate
20,60,20,29.26666667,64.81552957,6.14,Moderate
20,60,20,35.34666667,45.97802746,6.02,Moderate
20,60,20,29.56666667,63.90580328,6.1,Moderate
20,60,20,23.562,24.79722994,5.88,Poor
20,60,20,33.58333333,45.98628275,6.12,Moderate
20,60,20,28.68,61.98964095,5.98,Poor
20,60,20,28.5,64.39223654,6.02,Moderate
20,60,20,28.33333333,64.60155223,6.18,Moderate
20,60,20,28.03333333,50.14883601,5.84,Moderate
20,60,20,21.3,55.86831683,6.12,Moderate
20,60,20,22.6,60.06030563,5.98,Moderate
20,60,20,23.56,48.44662135,5.96,Moderate
20,60,20,22.28,49.65122648,5.98,Moderate
20,60,20,22.28,24.61903496,5.9,Poor
20,60,20,23.56,51.00296015,6.02,Moderate
20,60,20,28.5,50.48367761,5.94,Moderate
20,60,20,28.5,50.64294123,5.9,Moderate
20,60,20,22.03333333,64.50160643,6.06,Moderate
20,60,20,33.58333333,46.22318507,5.82,Poor
20,60,20,25.66666667,65.70077817,6.12,Moderate
20,60,20,27.65454545,64.45990817,6.08,Moderate
20,60,20,25.46,49.26833806,5.92,Moderate
20,60,20,22.38,62.75186596,6.16,Moderate
20,60,20,23.56,35.56940614,5.9,Moderate
20,60,20,28.68,50.0868636,5.84,Moderate
20,60,20,25.66666667,65.18072041,6.08,Moderate
20,60,20,22.38,61.21144972,6.02,Moderate
20,60,20,33.58333333,46.12522612,5.84,Poor
20,60,20,22.28,24.58232387,5.86,Poor
20,60,20,28.03333333,50.68587067,5.9,Moderate
20,60,20,22.38,24.44399845,5.84,Poor
20,60,20,33.58333333,45.98266154,6.08,Moderate
20,60,20,25.66666667,49.60390475,5.92,Moderate
20,60,20,22.03333333,39.37682012,5.86,Moderate
20,60,20,25.574,61.76717933,6.08,Moderate
75,40,50,26.01818182,83.7285253,4.9,Poor
75,40,50,27.90909091,82.90704705,4.9,Poor
75,40,50,26.01818182,83.31979946,4.84,Poor
75,40,50,27.65454545,82.46651861,4.82,Poor
75,40,50,27.65454545,83.04023785,4.96,Poor
75,40,50,27.65454545,82.86563372,4.9,Poor
75,40,50,26.01818182,83.35552065,4.88,Poor
75,40,50,27.65454545,84.0077605,5.04,Poor
75,40,50,27.90909091,84.04917383,5.04,Poor
75,40,50,27.65454545,84.01642265,5.06,Poor
75,40,50,27.65454545,84.00827556,5.1,Poor
75,40,50,27.90909091,82.54365313,4.88,Poor
75,40,50,27.65454545,83.04023785,4.98,Poor
75,40,50,27.90909091,84.06533113,5.14,Poor
75,40,50,27.65454545,82.5022398,4.88,Poor
75,40,50,27.65454545,82.46651861,4.84,Poor
89,47,38,25.52468965,72.24850829,6.002524871,Moderate
60,37,39,26.59104992,82.94164078,6.033485257,Moderate
63,41,45,25.29781791,86.8870535,7.121933579,Moderate
86,40,39,25.72100868,88.16513579,6.207459637,Moderate
96,41,40,23.58419277,72.00460848,6.090060478,Moderate
100,35,36,25.31042337,72.01364411,6.346715209,Moderate
63,37,43,23.41798979,85.08640476,6.661957897,Good
70,43,40,24.35564134,88.80391021,6.176860192,Moderate
67,55,44,26.284017,75.14640198,7.251847296,Moderate
74,40,40,25.13842773,83.12053888,6.386259978,Moderate
89,53,44,24.88692811,71.91711523,7.319735475,Moderate
74,46,45,25.75734909,88.36668522,6.025028997,Moderate
89,41,38,23.12844351,74.68322732,6.344751947,Moderate
60,55,40,24.9949957,88.95692783,7.02777956,Moderate
67,43,38,25.21622704,70.88259632,7.299304715,Moderate
70,38,35,24.39736241,79.26861738,7.014063944,Good
74,49,38,23.31410442,71.4509053,7.488014404,Moderate
90,40,39,25.72668885,81.86171563,6.626503893,Moderate
82,35,44,26.96656378,78.21047693,6.239011,Moderate
73,45,37,23.70467146,74.63745355,6.742688094,Good
85,53,38,24.90075709,73.84186449,6.588017308,Moderate
81,56,36,23.39605743,72.60512854,7.097586415,Moderate
84,55,38,26.8748389,79.78725152,6.956682743,Moderate
80,45,42,23.1426498,74.99739774,7.380396262,Moderate
76,54,45,24.29496635,77.62976013,6.176618831,Moderate
76,56,39,24.39459498,89.89106506,6.551130445,Moderate
81,40,45,25.7629429,80.76238215,6.427726565,Moderate
76,44,45,25.4879684,84.48235878,6.740947635,Moderate
69,47,40,25.37122686,76.2403666,6.130136384,Moderate
82,40,45,26.21312799,81.70476368,6.667633355,Moderate
69,57,35,24.30748599,78.54340987,6.186814392,Moderate
81,36,38,23.76554749,87.98329901,6.334837865,Moderate
67,60,38,24.79853023,78.53037059,7.16214284,Moderate
72,51,40,23.20683504,74.09956958,7.422318499,Moderate
65,39,45,23.66805429,70.89000744,6.768001309,Moderate
78,50,43,25.12417673,85.72530641,6.348441469,Moderate
77,52,41,23.89069041,83.46409075,6.097294061,Moderate
89,52,42,23.09433785,81.45139295,6.14132902,Moderate
62,49,37,24.21744605,82.85284045,7.479248124,Moderate
90,48,45,24.06475727,71.31342851,6.509174789,Moderate
66,47,36,24.85441411,74.4407048,6.57256106,Moderate
80,52,39,26.41915161,76.85691248,7.165696848,Moderate
89,52,45,24.89326318,77.01222585,7.207457208,Moderate
77,51,44,23.25583402,82.7015932,7.124333547,Moderate
94,37,41,24.7634518,87.06071115,6.463538707,Moderate
75,41,35,24.97042599,78.62697699,6.856833064,Good
60,55,36,26.12797248,80.49172597,7.132389299,Moderate
62,56,35,25.97825807,81.65769588,6.235357638,Moderate
84,40,42,26.2830571,73.35763537,6.704273839,Moderate
100,56,40,26.38905406,83.31240346,7.433313409,Poor
75,56,44,25.2746335,73.7459581,6.109478059,Moderate
78,46,42,23.09499564,78.45959697,7.095413294,Moderate
82,48,36,25.79351957,81.76904006,6.352076783,Moderate
100,58,41,23.17403323,87.88255345,6.658769991,Moderate
88,50,40,25.63215038,79.95150917,7.051822472,Moderate
67,41,40,25.848795,87.81661683,7.333143205,Moderate
72,42,43,26.56767277,80.90424543,6.352771037,Moderate
89,40,43,26.24532085,72.97198375,7.124050134,Moderate
89,57,43,26.91515043,73.19897535,6.998787171,Moderate
61,41,44,24.36972377,82.11319791,6.537914958,Moderate
79,45,43,25.71901283,79.15532398,7.171054239,Moderate
84,40,43,25.01157559,88.3313023,7.228268228,Moderate
98,43,35,25.40785911,76.44048625,7.319952206,Moderate
75,36,44,23.28081,74.27607475,6.613341343,Good
89,58,35,23.98651719,82.09053379,6.096838784,Moderate
91,41,37,24.48556447,83.20630007,6.132570523,Moderate
77,48,36,25.86705009,84.09985284,7.36008498,Moderate
66,58,35,23.5643831,79.46283115,7.321619041,Moderate
62,59,41,24.2248758,74.89465426,7.175170657,Moderate
82,35,35,25.49386782,86.97061481,7.299076163,Moderate
61,41,35,24.97178693,79.47557931,6.842966479,Good
99,57,38,24.80624984,82.09281674,6.356295568,Moderate
70,42,43,23.16814977,76.66724969,6.508342839,Moderate
90,59,35,24.25133493,89.86454053,7.098227926,Moderate
73,43,42,26.58361011,78.00774772,6.310699968,Moderate
67,46,44,26.82489244,78.20392774,7.093328631,Moderate
84,37,42,25.49674786,81.13449097,6.691074249,Moderate
72,41,36,24.09874353,80.57226761,6.187746776,Good
71,56,37,23.18866654,86.20899734,6.491506245,Moderate
64,53,38,26.24347471,78.51063754,6.855362875,Moderate
65,54,39,23.75091572,71.14782585,7.124571593,Moderate
60,58,37,26.13871511,79.1188943,6.067302109,Moderate
86,39,43,26.14576648,71.23690851,6.432051512,Moderate
90,50,44,26.91643698,73.48655995,6.253408852,Moderate
91,38,36,26.5232969,77.17331847,7.287318723,Moderate
87,48,38,23.81579631,80.94023552,7.161865733,Moderate
72,41,36,26.50838667,86.84264005,6.065898283,Moderate
71,54,35,26.63952463,70.95705996,7.311077075,Moderate
82,46,41,23.3250131,79.79609448,6.581693772,Moderate
71,52,43,26.47549543,73.96164569,6.732826127,Moderate
80,43,43,23.78756036,74.36794079,6.014572075,Moderate
77,55,43,25.49941707,75.99987588,6.663559451,Moderate
95,57,41,23.24925555,73.65346838,6.434610995,Moderate
63,47,35,26.98582182,89.05587886,7.432768147,Moderate
93,43,38,23.61475336,86.14290267,6.987332927,Moderate
87,44,43,23.87484465,86.79261344,6.718725189,Moderate
88,52,39,23.92887902,88.07112278,6.880204617,Moderate
90,39,37,24.81441246,81.68688879,6.86106911,Moderate
90,39,43,24.44743944,82.286484,6.7693455,Moderate
84,38,43,26.57421679,73.81994896,7.26158085,Moderate
13,60,25,17.13692774,20.59541693,5.68597166,Moderate
25,70,16,19.63474332,18.90705639,5.759237003,Poor
31,55,22,22.91350245,21.33953114,5.873171894,Moderate
40,64,16,16.43340342,24.24045875,5.926676985,Moderate
2,61,20,22.13974653,23.02251117,5.95561668,Poor
26,65,22,17.84806561,18.77621951,5.949949081,Poor
17,57,21,19.88394011,20.31564139,5.789214289,Poor
26,80,18,19.32509638,23.3334788,5.581021521,Poor
17,59,17,18.4167001,23.42829938,5.689858133,Poor
27,59,22,21.81167649,23.20591245,5.794158504,Poor
28,58,24,19.72702528,18.28173015,5.748190463,Moderate
25,57,19,17.15432954,19.87070659,5.566522896,Poor
28,80,17,19.62207826,18.67170854,5.809419584,Poor
25,60,22,21.63149148,21.17919701,5.887263027,Poor
12,78,23,16.06522754,18.72479695,5.99812453,Moderate
6,77,25,20.61162204,24.36314135,5.792744849,Moderate
22,79,17,21.42451099,20.39659714,5.912289889,Poor
27,80,15,19.07096165,21.21092266,5.788386951,Poor
10,55,23,21.18853178,19.63438599,5.728233081,Moderate
23,65,20,23.0429097,22.42610972,5.833940084,Poor
19,78,16,20.65375833,23.10538637,5.967533236,Poor
19,65,25,18.09551014,18.29318436,5.625096446,Moderate
22,70,19,18.23775702,21.07643273,5.515615023,Poor
37,64,22,17.48189735,18.8251973,5.954665349,Moderate
11,71,17,19.9191786,21.47324158,5.74644777,Poor
18,79,20,20.27514686,23.2353604,5.877347515,Poor
21,63,17,15.77370214,19.2303162,5.979973965,Poor
24,80,22,16.71170642,19.17651433,5.635993966,Poor
34,60,22,17.66148158,18.15302753,5.635231778,Moderate
16,75,21,18.50692825,23.61670065,5.679224346,Poor
17,77,23,24.51324787,20.81527638,5.670062975,Moderate
37,72,18,18.87614998,24.54038287,5.724242065,Moderate
40,73,20,21.59343016,20.31871249,5.811314232,Moderate
9,77,17,20.12373284,24.45202552,5.783425416,Poor
1,62,23,15.43546065,18.37477907,5.607808432,Moderate
33,59,22,22.64236876,21.59396123,5.946999529,Moderate
23,59,19,21.98560799,24.87304788,5.852046999,Poor
6,62,22,20.53052663,18.09224048,5.824090984,Poor
25,63,20,15.78601387,21.14544088,5.502999119,Poor
7,79,23,19.6365349,19.68751084,5.821649914,Moderate
8,72,17,20.57341244,19.7520218,5.711439256,Poor
27,64,15,20.16080524,24.84207559,5.514927264,Poor
28,66,23,21.53989176,24.25386207,5.99616119,Moderate
32,57,18,15.53834801,23.75560241,5.695422863,Moderate
27,56,22,19.91853092,20.70099804,5.833010958,Poor
17,77,24,20.76952209,18.93146941,5.568456899,Moderate
0,65,15,23.46168338,23.22197648,5.645435626,Poor
13,72,21,24.32116642,21.0278674,5.821194486,Poor
34,60,23,20.12574053,24.96969858,5.659254981,Moderate
9,80,19,21.80619564,18.57086554,5.945465949,Poor
11,72,20,19.52226241,24.92607153,5.951177452,Poor
3,67,24,17.00067625,19.90790546,5.520880014,Moderate
35,69,23,16.78791503,24.96881755,5.578410206,Moderate
3,77,25,24.84906168,22.89464642,5.608165195,Moderate
23,62,19,16.51783455,20.4555596,5.609435128,Poor
22,71,17,18.15300153,19.38602098,5.509295379,Poor
31,79,25,23.18864385,22.3104551,5.902033406,Moderate
34,59,18,23.38002569,21.98879437,5.744117663,Moderate
12,63,17,18.358923,19.37703396,5.717143397,Poor
27,56,20,19.25975367,20.51346956,5.542690119,Poor
7,63,24,22.95458237,24.03553105,5.858617867,Moderate
24,67,22,20.120043,22.89845607,5.618844277,Poor
11,71,24,21.14011423,22.7182355,5.606620346,Moderate
37,74,15,24.92360104,18.22590825,5.582178402,Moderate
25,76,24,15.33042636,24.91506728,5.56503533,Moderate
34,66,17,18.81097271,21.27833035,5.889614577,Moderate
20,69,15,23.44260668,22.77255917,5.934136378,Poor
37,65,16,22.8352024,18.97267518,5.683548308,Moderate
18,74,15,24.9035819,22.27512704,5.70836603,Poor
4,67,25,23.78709569,24.35679348,5.948164454,Moderate
37,56,25,22.05592283,19.60379304,5.774755144,Moderate
5,59,15,18.87492997,20.18238348,5.97229163,Poor
11,61,21,18.62328774,23.02410338,5.532100554,Poor
22,80,20,23.00884744,18.86880997,5.669560726,Poor
12,61,19,19.33162606,24.13995025,5.655726817,Poor
5,74,21,16.24469193,21.35793891,5.591704014,Poor
27,69,22,17.91652287,24.90814655,5.932323085,Poor
31,75,18,15.46789263,21.43780702,5.824208309,Moderate
36,68,20,17.06104474,23.77201471,5.86442953,Moderate
5,65,16,21.32776028,18.48522915,5.866744372,Poor
32,79,15,23.90910104,20.74619325,5.706198621,Moderate
11,78,22,23.89756791,22.74378977,5.940546818,Poor
0,55,22,22.98666928,20.57940608,5.916779289,Poor
14,59,15,21.35135729,22.91244883,5.779090476,Poor
29,68,23,24.1638445,19.27907819,5.82738029,Moderate
32,68,19,24.62835037,18.18325169,5.514234138,Moderate
17,64,17,21.02213209,24.93896255,5.662699104,Poor
13,69,19,17.30844532,20.01730914,5.86390397,Poor
14,67,22,23.82576704,24.75485098,5.624690248,Poor
9,69,20,19.30607278,23.96362799,5.591560999,Poor
20,73,22,16.03768615,22.33195853,5.976312538,Poor
40,78,20,19.18572809,20.83398341,5.669236258,Moderate
27,72,23,19.92889503,21.79992115,5.961934481,Moderate
14,67,15,19.56376468,24.67385131,5.690065688,Poor
7,56,18,18.31357543,24.32991649,5.698371311,Poor
27,65,18,20.10993761,23.22323766,5.59503163,Poor
30,63,16,23.60506572,21.90539577,5.525904526,Moderate
37,70,25,19.73136909,24.89487354,5.819403771,Moderate
27,63,19,20.93409877,21.1893007,5.562201934,Poor
22,60,24,18.78226261,20.24768314,5.630664753,Moderate
32,76,15,28.05153602,63.49802189,7.604110177,Moderate
13,61,22,19.44084326,63.27771461,7.728832424,Moderate
38,60,20,29.84823072,60.63872613,7.491217102,Moderate
11,74,17,21.36383757,69.92375891,6.633864582,Moderate
37,71,16,26.28663931,68.51966729,7.324863481,Moderate
29,71,18,22.17499963,62.13873825,6.410441476,Moderate
2,72,18,26.57597546,60.97876599,7.836719564,Poor
6,59,21,26.58972517,66.14007674,6.139215944,Moderate
13,64,20,19.1345771,62.57526895,6.590571088,Moderate
8,58,17,28.75273118,69.15640149,7.286049978,Moderate
6,77,20,25.78746268,60.2816298,6.058306161,Moderate
2,75,22,23.89271875,61.78779413,6.658605362,Moderate
3,69,23,28.67408774,63.18832976,7.299360767,Moderate
27,80,24,28.42062847,61.77336343,7.815210661,Moderate
39,78,15,21.35499456,62.60136323,5.925391795,Moderate
40,79,17,21.12695586,63.18738532,6.403683619,Moderate
37,62,22,24.02037872,61.62313345,7.397546271,Moderate
31,60,24,25.40474421,65.8567539,7.722335992,Moderate
22,67,22,29.03017561,64.49166566,7.475926645,Moderate
3,78,18,20.21368219,68.65257685,6.887130053,Moderate
4,80,16,29.19585548,68.01965728,7.441976825,Moderate
13,61,24,18.29783597,69.6897615,7.629910253,Moderate
12,66,20,27.41434987,63.41785982,7.336117221,Moderate
4,61,21,24.84063998,60.09116626,6.75020529,Moderate
9,60,21,29.94413861,67.31323084,7.52178027,Poor
18,66,22,25.87990287,67.55109024,6.347379185,Moderate
32,56,18,20.0467711,65.84395319,7.135251532,Moderate
6,72,15,22.99451999,66.70897237,7.670178119,Moderate
15,77,20,25.13163619,66.92642362,7.399749291,Moderate
0,65,24,28.49584395,62.44616219,7.841496029,Moderate
30,79,22,18.28766124,69.48515056,6.254216611,Moderate
3,63,16,24.38041875,61.18458224,6.868881708,Moderate
2,78,23,21.31852148,66.43934593,7.320514721,Moderate
10,78,18,18.54141834,62.70637578,6.296976913,Moderate
14,67,25,25.28710601,60.85993533,7.241151936,Moderate
39,65,23,25.43459777,69.12613376,7.685959305,Moderate
19,72,15,28.83600962,69.76112921,6.890760124,Moderate
18,57,21,27.37659643,63.93927841,6.155915975,Moderate
31,58,15,28.31886863,60.19461399,6.167855382,Moderate
28,58,25,27.4818649,62.04814951,6.861640036,Moderate
5,65,19,18.28072173,68.10365387,6.978361689,Moderate
16,65,19,27.61204997,69.29786244,7.043160241,Moderate
34,65,19,23.43974653,63.22011726,5.94239222,Moderate
14,69,19,20.95628486,63.68128841,7.239455147,Moderate
22,55,16,23.7937153,68.03209183,6.516317561,Moderate
24,61,17,22.6371424,65.44544859,6.233269045,Moderate
2,79,15,21.53577883,65.47227704,7.505283615,Moderate
26,63,17,29.87854588,65.73085206,6.950300686,Moderate
27,61,15,25.2653291,67.10004577,6.958054839,Moderate
24,70,16,25.17885316,68.93307305,6.54803469,Moderate
13,74,25,24.12192608,61.09533545,6.461618577,Moderate
6,64,23,23.33565221,67.40460704,7.065264073,Moderate
12,58,23,21.74600081,63.39503184,6.765091462,Moderate
32,79,22,27.60195453,63.46170674,5.91645379,Moderate
6,68,18,24.388717,62.50453062,6.711341147,Moderate
10,79,20,24.98287462,66.895409,6.379881442,Moderate
38,77,22,28.234829,69.3159965,6.313284268,Moderate
17,74,17,26.03026959,69.55863145,7.393210848,Moderate
26,68,24,28.04849594,64.07691942,7.504930973,Moderate
23,75,17,24.87425505,64.00213929,7.198076286,Moderate
32,78,22,23.97081395,62.35557553,7.007037515,Moderate
19,79,19,20.06003985,67.76252583,6.677262562,Moderate
22,60,18,19.59221047,61.28633405,6.74398035,Moderate
28,69,16,29.77013109,66.29327012,6.547361618,Moderate
1,67,21,27.52135365,60.53657684,6.551577598,Moderate
12,67,23,25.62896213,63.14909763,6.585020303,Moderate
36,67,20,20.39078312,60.47528931,6.924042372,Moderate
28,70,21,25.39038396,60.4989659,7.437373666,Moderate
12,71,19,24.91079638,60.71367427,7.142611056,Moderate
22,68,16,27.70496805,63.20915034,7.74672376,Poor
26,66,22,18.06486101,65.1034354,6.300479414,Moderate
16,65,16,18.13027797,62.45851612,6.078724107,Moderate
14,59,22,23.82723528,67.89815262,6.76660668,Moderate
33,59,19,23.19305333,62.74710773,7.641024177,Moderate
21,63,17,25.08966129,68.17543102,6.559681838,Moderate
0,69,21,25.86928193,61.88321072,7.072923306,Moderate
10,75,17,18.43966037,68.05394959,7.732194788,Moderate
30,61,18,27.14911056,67.02664337,6.157782589,Moderate
0,74,17,23.33375853,64.50515776,7.240988401,Moderate
35,74,22,26.7230014,62.96841833,6.898905799,Moderate
7,63,24,19.55750776,64.45268309,6.818681086,Moderate
9,56,17,26.13708256,66.7729209,6.261937875,Moderate
14,74,15,27.99990346,65.57653373,6.493036868,Moderate
14,76,20,29.05941162,62.10652364,7.042474679,Moderate
36,65,16,25.71269843,64.1123333,7.692013657,Moderate
28,67,21,21.79792649,63.73086065,6.250994223,Moderate
28,79,16,24.70626432,60.26854183,6.052184881,Moderate
40,61,22,20.94981756,65.8108757,7.002216044,Moderate
10,70,19,24.84918386,68.98088448,7.272427638,Moderate
12,80,19,21.91041045,65.21662467,5.962001484,Moderate
37,77,20,25.93381964,68.70533022,7.080506001,Moderate
0,67,22,29.82112112,69.4073209,6.593798387,Moderate
7,73,25,27.52185591,63.13215259,7.28805662,Moderate
10,56,18,27.99627907,68.6428593,7.32710972,Moderate
39,70,15,20.76774783,63.90164154,6.366355781,Moderate
26,56,22,23.05276444,60.424786,7.011121216,Moderate
9,77,17,21.65845777,63.58337146,6.280725549,Moderate
4,59,19,26.25070298,67.62779652,7.621494566,Poor
34,73,15,20.97195263,63.83179889,7.630424083,Moderate
33,77,15,23.89736406,66.32102048,7.802212437,Moderate
71,54,16,22.61359953,63.69070564,5.749914421,Moderate
61,44,17,26.10018422,71.57476937,6.931756558,Moderate
80,43,16,23.55882094,71.59351368,6.657964753,Moderate
73,58,21,19.97215954,57.68272924,6.596060648,Good
61,38,20,18.47891261,62.69503871,5.970458434,Moderate
68,41,16,21.77689322,57.80840636,6.158830619,Good
93,41,17,25.6217169,66.50415474,6.047906679,Moderate
89,60,19,25.19192419,66.6902901,5.913664501,Moderate
76,44,17,20.41683147,62.5542482,5.855442401,Moderate
67,60,25,24.92162194,66.78627406,5.750254943,Moderate
70,44,19,23.31689124,73.4541537,5.852607099,Moderate
90,49,21,24.84016732,68.3584573,6.472523287,Moderate
62,52,16,22.27526694,58.84015925,6.967057762,Good
92,44,16,18.87751445,65.76816093,6.082973754,Moderate
66,54,21,25.19008683,60.2001687,5.919045532,Moderate
63,58,22,18.25405352,55.28220433,6.204747653,Good
70,47,17,24.6129118,70.4162444,6.600827017,Moderate
61,41,17,25.1420613,65.26185135,6.021902237,Moderate
66,53,19,23.09348056,60.1159381,6.033550195,Moderate
74,55,19,18.05033737,62.89366992,6.28886807,Moderate
77,57,21,24.9321581,73.80435276,6.550563823,Moderate
99,50,15,18.14710054,71.09445342,5.573286437,Poor
74,56,22,18.28362235,66.65952796,6.829199275,Moderate
83,45,21,18.83344471,58.75082029,5.716222912,Moderate
100,48,16,25.71895816,67.22190688,5.54990242,Poor
79,51,16,25.33797709,68.49835977,6.586244581,Moderate
94,39,18,23.89114571,57.48775781,5.893093135,Moderate
75,49,15,21.53574127,71.50905983,5.918263801,Moderate
78,48,22,23.08974909,63.10459626,5.588650585,Moderate
87,54,20,25.61707368,63.4711755,6.576418207,Moderate
87,35,25,21.44526922,63.1621551,6.178056304,Good
63,43,19,18.51816776,55.53128131,6.641906353,Good
84,57,25,22.53510514,67.99257471,6.489040367,Moderate
64,35,23,23.02038334,61.89472002,5.680361038,Good
60,46,22,24.89364635,65.61418761,6.625404348,Moderate
98,44,21,25.77175115,74.089114,6.524478032,Moderate
75,56,18,19.39851734,62.35750641,5.696205468,Moderate
86,55,21,21.54156232,59.64024162,6.803931519,Moderate
98,35,18,23.79746068,74.82913698,6.252797548,Moderate
76,57,18,18.9802729,74.52600826,6.092725883,Moderate
99,56,17,24.10859207,73.13112261,6.234330356,Moderate
60,44,23,24.7947077,70.04556743,5.722579819,Moderate
74,48,17,21.63162756,60.27766379,6.430616465,Moderate
89,60,17,25.37548751,57.21025565,5.983952675,Moderate
69,51,23,22.21738222,72.85462807,6.80163854,Moderate
96,46,22,20.58314011,69.00128641,6.499936446,Moderate
61,60,15,24.87502824,68.74248334,6.265564338,Moderate
74,58,18,20.03728219,56.35606753,6.727303282,Good
74,43,23,25.95263264,61.89082199,6.325235159,Good
63,43,17,19.28889933,65.47050802,6.807487794,Good
99,36,20,20.57981887,65.34583901,6.671085817,Moderate
77,36,23,24.71417533,56.73426469,6.648725327,Good
87,60,23,20.27317074,63.91281869,6.439071996,Moderate
60,38,17,18.41932981,64.23580251,6.474476516,Good
94,54,17,23.39128187,61.74427165,5.871647806,Moderate
95,38,22,19.84939404,61.24500053,5.730617109,Moderate
84,44,21,21.869274,61.91044947,5.850439831,Moderate
77,58,19,22.8056033,56.50768935,5.791649933,Moderate
66,44,20,19.0781471,69.02298571,6.740000688,Good
63,35,16,22.02720976,65.35549924,6.272417541,Good
79,45,20,23.80546189,59.24537979,5.715208817,Moderate
72,60,25,18.52510753,69.0276233,5.773454729,Moderate
67,51,24,23.50297882,61.32026065,5.584171461,Moderate
86,36,24,26.54986394,72.89187265,5.787268394,Moderate
76,48,18,19.29563411,69.63481219,5.77597783,Moderate
75,53,18,20.68899915,59.4375337,6.864793607,Good
81,45,23,19.32666088,68.034493,6.192360003,Good
73,45,21,24.60532218,73.58868502,6.636803223,Moderate
71,35,24,22.27373646,59.52193158,5.826426917,Good
96,54,22,25.70196694,61.33450447,6.960358276,Moderate
99,39,18,19.20129357,68.30578978,6.11275104,Moderate
62,48,20,21.70181447,60.47470519,6.708446922,Moderate
86,37,16,20.51716779,59.21235483,5.561510732,Good
94,50,19,23.30355338,73.62548442,5.873242491,Poor
76,39,24,24.2547451,55.64709899,6.995843776,Good
77,52,17,24.86374934,65.7420046,5.714799723,Moderate
74,39,23,22.6265115,65.77472881,6.78073637,Good
81,49,20,18.04185513,60.61494304,5.513697923,Moderate
63,42,21,23.26237612,72.33125523,5.798423908,Moderate
99,38,21,22.88330922,71.59722446,6.352471866,Moderate
90,52,25,25.97482359,69.36385721,6.822586546,Moderate
68,40,19,26.14384005,66.20569924,6.655426355,Moderate
60,57,24,18.66116213,61.55327249,6.121294041,Good
71,52,18,25.10787449,55.97732754,5.790770203,Moderate
61,59,17,23.33844615,59.24580604,6.47444292,Good
88,38,15,25.08239719,65.92195844,6.455116637,Moderate
65,60,22,25.36768364,72.52054555,6.606984086,Moderate
78,37,22,25.34217103,63.31801994,6.330554389,Moderate
78,58,15,25.00933355,67.816568,6.528631266,Moderate
92,60,23,18.66746724,71.516474,5.721667141,Moderate
79,59,17,20.37999665,63.73849998,6.644205485,Moderate
91,55,15,18.09300227,72.61024172,6.376651091,Moderate
76,51,18,26.16985907,71.96246617,6.247040422,Moderate
87,48,25,18.65396672,61.37879671,6.656730008,Moderate
71,60,22,26.07470121,59.37147589,6.2048017,Moderate
90,57,24,18.92851916,72.80086137,6.158860284,Moderate
67,35,22,23.30546753,63.24648023,6.385684214,Good
60,54,19,18.74826712,62.49878458,6.417820493,Moderate
83,58,23,19.74213321,59.66263104,6.381201909,Good
83,57,19,25.73044432,70.74739256,6.877869005,Moderate
2,40,27,29.73770045,47.54885174,5.954626604,Moderate
39,24,31,33.55695561,53.72979826,4.757114897,Moderate
21,26,27,27.00315545,47.67525434,5.699586972,Moderate
25,22,25,33.56150184,45.53556603,5.977413803,Moderate
0,21,32,35.89855625,54.25964196,6.430139436,Moderate
20,19,35,34.17719782,50.62161586,6.113935087,Moderate
19,21,34,30.01592643,53.19212381,5.074272692,Moderate
18,17,31,31.74592134,45.16127859,5.667507706,Moderate
11,36,33,35.99009679,52.22780489,5.978634285,Moderate
30,28,30,31.86641378,52.19331595,5.064613314,Moderate
18,19,27,27.75518664,52.34605806,4.772385986,Moderate
23,23,27,34.72413192,51.4271781,5.161148592,Moderate
37,30,34,27.53907547,53.63549533,6.797779227,Good
11,27,30,27.69637763,48.5622488,6.39474303,Good
12,19,31,27.25373364,52.66319725,5.566704378,Moderate
3,28,33,30.33723921,48.88704844,5.755049971,Moderate
37,38,32,31.85744939,45.53106268,5.417340525,Moderate
26,37,30,35.39986338,49.45962621,6.166173834,Moderate
14,18,30,29.80747243,52.13797867,5.191265116,Moderate
40,16,35,34.16438906,54.16482251,4.954739564,Moderate
4,20,25,28.93270187,47.94053996,5.664587011,Moderate
36,25,33,27.98392787,53.33018851,5.548584852,Good
30,17,31,31.20478173,54.49960506,6.804437106,Moderate
28,37,28,32.13409675,50.52559148,6.097869767,Moderate
38,15,30,28.91862016,48.13974548,5.075504537,Moderate
12,37,30,31.09779147,47.41196659,4.546466109,Moderate
38,19,31,34.73823882,49.08864345,5.855119268,Moderate
8,33,29,29.98080499,49.48613279,6.442393461,Good
15,27,28,33.80398664,46.12866113,4.507523551,Moderate
34,16,25,30.07202564,50.96040505,6.10729559,Moderate
11,36,31,27.92063282,51.77965917,6.47544932,Good
33,29,34,31.40948821,49.21729127,6.832979509,Good
12,31,26,35.7877738,51.94190321,5.395275719,Moderate
12,34,28,33.36140093,45.02236377,6.13526938,Moderate
5,16,31,35.96054636,48.69677802,4.555688532,Moderate
1,30,29,28.33333307,51.39586505,6.434197756,Good
16,35,31,32.27652024,50.19368841,5.316875978,Moderate
35,18,26,31.99490489,50.84881347,5.279388967,Moderate
4,40,26,27.58258929,48.56916221,6.720041791,Moderate
9,29,34,29.38471637,45.88744691,5.72742254,Moderate
2,38,33,32.38697531,53.2328243,4.691396195,Moderate
26,32,32,30.91471455,49.92963856,6.810186079,Moderate
34,38,31,35.37775595,45.58110023,6.454045329,Moderate
5,32,33,32.32362177,52.5896771,5.842763773,Moderate
31,29,26,28.22373428,47.40519056,5.024124684,Moderate
34,34,35,27.27433181,47.16808054,6.422710539,Good
36,19,32,27.10710832,50.70880979,4.94295037,Moderate
7,17,26,34.89226666,48.75613373,6.414526606,Moderate
38,15,27,33.7462686,48.50387598,6.777788126,Moderate
5,19,25,27.3511056,54.43945147,6.441328044,Moderate
37,36,26,32.89300162,52.61323969,4.650536197,Moderate
21,31,32,35.38598705,51.42664176,5.254532213,Moderate
37,36,27,27.5529736,47.90859131,5.910634533,Good
23,23,30,32.82141065,47.45553843,4.755273631,Moderate
36,26,26,30.17294105,51.0845903,6.814630246,Good
24,33,35,29.26382931,54.82257868,5.342866119,Moderate
26,18,30,32.06097197,51.08494181,6.336234624,Moderate
22,17,26,28.69818144,47.71875722,4.754435025,Moderate
11,34,32,29.14305008,49.40983294,6.831706773,Good
29,35,28,28.3471611,53.53903102,6.967417766,Good
22,28,26,27.67256197,45.41692012,4.947683034,Moderate
23,24,32,28.1218093,46.16888595,5.630619901,Moderate
1,35,34,30.79375683,46.69536813,6.27339822,Moderate
2,24,34,28.89409382,54.80750249,6.472774648,Good
39,37,25,33.33024826,45.61143594,6.953246506,Good
15,36,27,27.78912455,53.96886679,5.643710216,Moderate
3,18,31,31.65333432,48.20662669,6.392313973,Moderate
8,38,32,29.75150773,46.73723302,4.981816523,Moderate
33,31,34,31.32995611,50.22287593,5.421265283,Moderate
14,29,32,35.63627319,48.97047762,6.942520105,Moderate
18,20,26,31.66524687,51.98594645,5.435840509,Moderate
9,21,32,32.26935342,53.56092806,5.870116071,Moderate
20,30,27,27.81005614,51.59445462,4.74910393,Moderate
9,38,25,34.58561471,50.34035336,5.497946899,Moderate
26,24,34,31.27180992,52.23810152,6.811291098,Moderate
31,36,29,33.93679864,52.72170281,6.460542749,Good
14,18,35,31.09154239,47.02058367,4.791146778,Moderate
40,16,35,31.89356292,49.02450149,6.4841522,Moderate
28,27,34,32.45465292,50.69693751,6.526654345,Moderate
0,17,30,35.47478322,47.97230503,6.279133738,Moderate
1,29,29,27.32961444,49.30347234,6.052026047,Good
2,36,31,30.90225239,49.95955487,5.73171945,Moderate
12,27,26,29.09382275,45.5661059,5.32307197,Moderate
7,28,35,30.02086169,46.78393776,4.66910839,Moderate
0,36,26,34.13072188,51.25786185,5.101206389,Moderate
26,35,31,33.44619894,53.05980465,5.339556562,Moderate
27,21,30,35.3915464,52.48823147,5.061081874,Moderate
22,38,31,31.53356352,53.06009323,5.821106036,Moderate
22,18,31,30.7645515,47.93791463,5.956027059,Moderate
28,23,28,30.01821337,50.0983181,5.676032581,Moderate
7,31,27,31.32863689,47.59319575,6.524114355,Moderate
29,34,26,33.88004781,54.39416048,6.273953676,Moderate
8,37,33,28.07802689,54.9640534,6.128167757,Good
39,16,27,35.53845018,52.94641947,4.934964765,Moderate
40,24,25,28.70595247,50.44030129,5.445008416,Moderate
19,38,26,31.48451729,48.77926304,4.525722333,Moderate
21,21,30,27.69819273,51.41593238,5.403908328,Moderate
22,18,33,30.41235793,52.48100602,6.621623545,Moderate
31,20,30,32.17752026,54.01352682,6.207495815,Moderate
18,26,31,32.6112614,47.74916499,5.418475257,Moderate
3,49,18,27.91095209,64.70930606,3.692863601,Poor
22,59,23,27.32220619,51.27868781,4.371745575,Moderate
36,58,25,28.66024187,59.3189118,8.399135958,Moderate
4,43,18,29.02955344,61.09387478,8.840656256,Poor
29,54,16,27.78031515,54.65030015,8.153022903,Poor
32,43,22,31.99928579,54.1077461,5.270749441,Moderate
14,55,15,27.33580911,55.27755933,8.050304395,Poor
5,35,20,28.92952635,53.57014709,9.679240873,Moderate
25,57,24,27.65472156,58.59986279,6.974978386,Moderate
11,53,24,28.52396666,55.77264351,7.39389918,Moderate
40,49,17,31.02215872,45.89239456,6.68727523,Moderate
38,56,25,25.74095321,45.38497051,7.88118645,Moderate
27,43,23,31.70447482,56.85420099,5.875333778,Moderate
24,38,22,24.47876451,58.51663927,8.202706015,Moderate
23,45,21,31.46511256,51.79939437,8.985348193,Poor
29,57,20,25.60973447,50.7330069,5.87707519,Moderate
31,35,23,30.30260453,47.18283631,7.707595055,Moderate
0,55,25,28.17489437,43.6672299,4.524171562,Moderate
7,45,22,25.50634557,44.8302551,9.926212291,Moderate
17,58,25,31.12896766,43.58788762,6.455592696,Moderate
11,44,17,26.34043268,55.59160391,8.016210782,Moderate
22,49,22,28.23494706,61.5620517,3.71105919,Poor
9,51,19,27.04453473,49.32609633,5.49091063,Poor
28,48,15,25.16125354,55.25435777,9.254089438,Poor
26,50,19,27.3179125,51.66921088,6.005242945,Moderate
36,56,20,25.4123765,49.66474269,7.437078236,Moderate
8,60,18,31.21629982,46.01868196,3.808429173,Poor
24,37,21,30.573999,58.22686794,5.818219385,Moderate
22,43,24,25.42517036,53.2208266,4.52363558,Moderate
36,43,24,27.09400578,43.65305437,3.510404312,Moderate
22,44,24,24.30935081,56.32938343,6.030447288,Good
17,43,22,30.06142622,45.90067655,5.498340808,Poor
8,45,15,28.09568993,60.9835384,4.61136408,Poor
7,56,23,26.33908791,40.00933429,5.545219232,Moderate
36,57,16,28.61409059,57.14218792,8.292875734,Moderate
11,45,19,28.70012137,44.359648,3.828031463,Moderate
6,36,22,24.21610338,59.79236306,8.869532817,Moderate
17,57,20,28.50677929,45.20094476,3.793575185,Poor
4,47,20,25.97948991,64.95585424,4.193189124,Poor
9,49,16,30.88482722,41.36561835,7.661537348,Poor
25,51,24,25.5042419,61.66852372,9.392694614,Poor
36,44,21,25.12528913,51.33189406,4.516154055,Moderate
21,38,20,27.10508014,63.56791363,5.794289715,Moderate
37,57,20,31.1006247,44.82069159,7.354286985,Moderate
32,48,18,26.45707778,56.40226277,5.993513566,Moderate
29,44,20,30.04132304,63.56222995,8.620107545,Poor
25,51,18,27.77799528,54.82130787,9.45949344,Poor
10,44,24,30.99256944,43.02151392,8.0344125,Moderate
23,35,18,26.4908332,47.36534833,5.414492777,Moderate
9,60,23,31.96987867,57.17377029,6.276004336,Moderate
3,58,21,25.36140526,46.82652785,9.160691747,Poor
22,42,22,25.54249137,56.96640758,7.887658711,Moderate
12,39,21,28.99319096,62.85948245,8.183844843,Poor
39,36,22,29.34317422,60.50320928,9.072011412,Moderate
32,41,16,28.63618921,61.39451307,7.702287236,Moderate
30,41,15,24.83206631,44.17085032,5.88509677,Moderate
19,36,22,25.44689075,58.55363573,6.16496284,Moderate
4,46,15,31.01274943,62.40392519,3.504752314,Poor
21,39,20,27.06179658,52.3003173,7.388007483,Moderate
35,57,25,27.0956288,42.26206161,8.340398059,Moderate
22,55,24,28.56800579,57.30636014,8.66077954,Moderate
35,51,17,28.79929247,49.84213387,3.558822825,Moderate
17,56,17,27.94293692,45.41393636,5.9565851,Moderate
28,57,17,30.47757686,61.58245338,9.416003106,Poor
22,36,16,30.58139475,50.77148138,8.18422855,Moderate
11,41,19,26.85911286,41.81420849,5.131779302,Moderate
38,38,18,26.31051759,61.18749126,6.294130313,Moderate
23,37,24,28.77833449,44.2252605,7.991902443,Moderate
25,35,20,28.90245417,43.35365671,8.923095695,Moderate
40,45,20,29.37687468,57.69622912,6.878498176,Moderate
23,58,19,24.17093241,58.25204566,5.243634849,Moderate
2,56,23,26.65333029,59.79023382,7.550090941,Moderate
3,56,17,28.19912143,53.50567601,8.709291688,Poor
26,51,25,28.76488954,52.62741529,7.792508068,Moderate
39,42,20,29.3499706,61.25353851,8.055908858,Moderate
27,59,20,28.00937423,52.60950014,4.397698806,Poor
24,45,19,26.85851927,48.8246387,5.952384957,Moderate
7,40,17,31.2123945,40.92604945,8.532078733,Poor
15,45,23,24.20422636,61.43378674,7.224193642,Moderate
26,52,23,29.98835437,49.60384796,4.931890506,Moderate
20,45,16,29.93964907,54.61813464,4.626212446,Moderate
34,54,24,31.2119298,41.55934359,5.026003659,Moderate
19,51,25,26.80474415,48.23991436,3.5253661,Moderate
29,41,21,31.49398069,62.84916863,8.86979671,Poor
20,50,22,30.99694676,46.42693735,9.406887533,Poor
11,40,23,29.61253065,63.04749127,5.80428611,Moderate
15,54,15,29.97604322,57.03184356,8.35495812,Poor
35,55,22,30.88883074,52.62696801,8.634929739,Poor
9,59,25,30.39321309,60.16299493,7.699200949,Poor
40,45,18,30.43683729,55.20522037,5.261285926,Moderate
35,38,19,25.32688786,63.18180319,9.112771682,Moderate
14,58,17,30.53684308,59.96664731,4.605700542,Poor
40,55,18,30.38257873,40.5926071,7.115994051,Moderate
18,36,23,24.01825377,53.76623369,7.214078621,Good
35,52,15,28.69841277,61.14754363,9.93509073,Poor
4,59,22,29.33743412,49.00323081,8.914074888,Poor
22,51,16,27.96583691,61.34900107,8.639586199,Poor
33,47,17,24.86803974,48.27531965,8.621514073,Moderate
2,51,17,25.87682261,45.96341933,5.838508699,Moderate
16,51,21,31.01963639,49.9767522,3.532008668,Poor
19,55,20,27.43329405,87.80507732,7.18530147,Poor
8,54,20,28.3340432,80.77275974,7.034214276,Poor
36,55,20,27.01470397,84.34262707,6.635968698,Moderate
10,56,16,28.17432665,81.04554836,6.828187499,Poor
22,56,17,29.87888063,87.32761241,6.89077995,Poor
9,57,24,29.89232778,89.71503316,7.165121109,Moderate
34,59,23,28.56212158,83.24855855,6.935804256,Moderate
31,51,25,27.53592929,85.5701901,7.196774236,Moderate
0,49,18,29.68361658,87.93598094,6.990095452,Poor
21,39,20,28.14448546,82.1193047,7.064782138,Moderate
28,35,22,29.53037621,86.73346018,7.156563094,Moderate
17,52,17,27.88352946,86.45147631,6.364967184,Poor
24,42,23,28.22471276,82.35916228,6.428054409,Moderate
28,46,16,29.008124,84.96089355,6.664187809,Poor
21,38,21,29.75538903,86.45193297,6.637677489,Moderate
34,60,25,29.78416743,85.16906976,6.79385576,Moderate
19,53,22,27.8640132,80.4513142,6.852884643,Poor
31,58,15,27.11026483,84.96771717,7.121571293,Moderate
19,35,24,27.11030369,83.64274107,6.883308033,Moderate
24,53,17,28.95451232,89.07866095,6.421271178,Poor
13,47,20,29.21780035,87.93724219,6.54450214,Poor
31,53,16,28.7420098,85.81675947,6.452006451,Moderate
28,45,23,29.65021184,80.29868321,6.489259136,Moderate
31,37,21,27.23924995,86.404241,6.713410626,Moderate
33,60,15,28.95172351,81.67085323,6.510840928,Moderate
34,45,21,28.18837136,82.60629652,6.287380117,Moderate
13,57,25,28.30041493,86.20681554,6.86308576,Moderate
33,57,17,27.89636126,88.71782287,6.78415271,Moderate
32,57,22,28.6899851,87.50436797,6.769415888,Moderate
23,59,25,27.8262623,88.73100226,6.320768488,Moderate
35,41,18,28.70562673,81.59200689,6.705008504,Moderate
6,48,24,28.6362812,84.61431076,6.790736339,Moderate
29,36,25,28.28511547,88.4393979,7.130278657,Moderate
4,36,22,27.60887393,86.13316408,7.012740397,Moderate
10,59,22,28.60901145,86.99495766,7.155685016,Poor
14,48,21,29.24598976,84.80084105,6.991242362,Poor
8,50,21,28.62911222,89.1148059,6.218923893,Poor
20,40,15,29.57329479,88.07505524,7.199495368,Moderate
36,43,22,27.82684262,87.16679147,6.389882166,Moderate
14,57,15,29.8757015,83.14796296,6.623438282,Poor
11,60,23,27.33684386,88.50229102,7.033012777,Moderate
10,59,15,29.83040388,89.30428305,6.32400451,Poor
7,60,25,28.2753171,82.76020821,6.397636709,Moderate
2,47,15,29.86860065,85.99127934,6.401455706,Poor
20,45,22,29.5888162,89.9939693,6.904587016,Moderate
2,39,15,28.07219563,82.9116472,6.478557136,Moderate
27,40,24,27.84026517,89.99615558,7.063022095,Moderate
35,48,15,27.10818093,87.4512669,6.981758362,Moderate
4,59,25,27.68515114,81.94268594,6.227134139,Moderate
1,48,24,29.34594634,85.60472562,6.232836962,Moderate
36,43,21,28.36319404,84.8593608,7.140437859,Moderate
11,46,24,27.65280218,89.80650642,6.459252023,Moderate
34,47,19,27.31372793,85.44815232,6.568795404,Moderate
21,44,18,27.06909959,86.89934108,7.12851089,Moderate
17,58,20,28.06642822,85.91625451,6.42937879,Poor
25,40,21,27.73329078,81.13903037,6.248900919,Moderate
2,38,18,27.53632932,89.92908171,6.619891498,Moderate
9,48,20,29.66461594,84.28187572,6.377568542,Poor
37,49,25,29.9145443,85.85384444,6.415459592,Moderate
36,38,15,28.36363858,87.59810657,6.320662012,Moderate
40,58,15,29.46416042,87.60890009,6.978400282,Moderate
30,44,16,29.73013036,82.89166381,6.442335593,Moderate
1,59,23,27.46852989,87.17649,7.184398832,Moderate
9,48,22,27.77076285,87.09979549,6.402926221,Poor
14,41,17,29.12939524,88.48312598,7.085982325,Moderate
35,52,19,27.10606808,89.89593328,6.698574085,Moderate
31,48,17,28.88078945,86.94206817,6.594739424,Moderate
4,41,20,28.14720892,83.8001509,6.647965508,Moderate
30,37,25,29.89129144,80.14487166,7.120032489,Moderate
9,35,20,27.41503453,80.98004661,6.91380932,Moderate
20,41,20,29.27308605,89.4875022,7.073048264,Moderate
37,50,23,29.65296893,88.48587386,6.5304707,Moderate
34,35,21,28.44524991,82.67639542,6.684381357,Moderate
14,37,15,27.96235681,83.97586797,6.581351374,Moderate
23,39,22,29.25649321,81.97952224,6.86483915,Moderate
5,45,21,28.36291385,88.00989267,6.487124217,Moderate
22,37,20,27.62749466,86.49366929,6.605733068,Moderate
40,51,17,28.66086349,86.12194568,6.860602782,Moderate
27,56,20,29.2114218,87.11497805,6.41874299,Poor
31,40,22,29.40889385,86.16063492,6.365513634,Moderate
38,36,21,28.02952623,84.8845732,6.556372966,Moderate
6,37,17,28.08657178,80.35005927,6.760694228,Moderate
6,47,18,29.16174608,80.28038146,6.715276663,Poor
24,44,17,29.8596912,80.03499648,6.666380512,Moderate
25,59,19,29.06631494,83.6869203,6.626629798,Poor
32,56,21,27.38538997,88.66663953,6.702772465,Moderate
8,45,18,27.93034941,85.42058715,7.011030515,Moderate
19,39,17,29.2808618,81.8009244,6.890156495,Moderate
39,37,15,28.9973145,83.78911515,6.821747052,Moderate
33,37,19,27.92678579,86.5543196,7.183189922,Moderate
26,54,17,28.5474135,88.9570454,6.27258822,Poor
21,51,15,29.36488409,89.1886954,6.679127482,Poor
22,54,20,28.56149805,83.63802195,6.689825155,Poor
29,45,16,28.43683487,87.91332682,6.583381939,Moderate
4,40,21,28.79728147,80.45744422,6.725551062,Moderate
10,37,22,28.7275267,89.12760359,7.069747814,Moderate
4,44,19,27.95639663,83.52706038,6.921993878,Moderate
20,45,17,28.17458662,83.69659318,6.770955317,Moderate
23,45,23,28.77653519,86.69133979,6.983130466,Moderate
25,48,21,28.438097,83.48991368,6.267684328,Poor
115,17,55,27.57826922,94.11878202,6.776533055,Poor
114,27,48,27.82054812,93.03555162,6.528404378,Moderate
101,25,52,29.09910406,94.22237826,6.750145572,Moderate
118,18,52,28.04943594,90.83130708,6.562832807,Poor
95,26,45,29.91690582,94.55695552,6.117530021,Moderate
81,25,49,29.86895762,93.25103208,6.076459669,Moderate
117,24,53,29.17220859,92.21405224,6.293486295,Moderate
114,30,51,29.24908541,90.06998135,6.069171847,Moderate
113,6,52,27.76317235,90.35567642,6.740983646,Poor
108,26,52,28.82629037,94.26765349,6.201797639,Moderate
81,30,48,28.52379742,92.09688432,6.041027474,Moderate
115,9,52,29.06785065,90.97685539,6.019372459,Poor
83,7,45,29.08417927,90.73891887,6.704104127,Moderate
84,21,55,28.47090661,94.79453182,6.494251024,Moderate
109,26,45,28.27973674,90.38971208,6.224535449,Moderate
95,27,55,28.47212559,91.21322065,6.160414414,Moderate
119,5,55,29.68846716,94.30111601,6.168757984,Poor
110,14,51,27.02415146,91.66737633,6.085444691,Poor
82,18,48,29.09588297,94.16748386,6.159050816,Moderate
87,14,48,29.69238699,92.58862544,6.606033244,Poor
85,9,53,28.20619412,92.86798698,6.447662945,Poor
100,6,53,29.05248036,93.92217834,6.105909623,Poor
107,12,46,29.57240298,93.61870344,6.559763394,Poor
91,13,47,29.10968327,92.43510994,6.14410903,Poor
102,25,50,28.20480805,92.91440379,6.099662369,Moderate
117,25,53,29.11858526,92.12543021,6.413927319,Moderate
85,21,52,29.62800691,90.10051615,6.075144116,Moderate
104,25,55,29.81196601,90.36881284,6.123802502,Moderate
102,24,54,27.72338349,90.93897939,6.698468621,Moderate
116,25,50,29.26092798,92.92367701,6.088885814,Moderate
100,17,48,29.72791119,94.29753295,6.367800632,Poor
110,25,54,28.91105641,90.78413842,6.425930938,Moderate
104,25,51,28.96361426,93.88482153,6.469983276,Moderate
107,11,54,28.59052369,91.33617236,6.094016338,Poor
98,26,52,27.33897716,90.69759008,6.150090899,Moderate
88,17,52,29.90415889,90.75284363,6.646962425,Moderate
87,25,46,27.42711692,90.02696201,6.379690748,Moderate
120,8,46,29.55657523,90.70937262,6.732834334,Poor
95,13,46,29.84070774,93.76312893,6.126019932,Poor
108,22,47,28.53545677,91.72742702,6.161123579,Poor
82,13,52,27.11535046,94.86907886,6.442810053,Poor
120,23,55,27.84492803,91.60666594,6.732049075,Moderate
110,22,47,29.03157242,91.82172592,6.243673725,Poor
95,23,45,27.82424457,90.56698742,6.266208727,Moderate
106,10,49,27.72653142,92.00687531,6.350623739,Poor
99,12,52,28.69708334,94.30759855,6.002927293,Poor
106,20,51,29.73019662,90.97015715,6.342573112,Poor
83,11,53,29.54097171,92.91778307,6.163921248,Poor
117,19,55,28.80311922,91.78336933,6.121745389,Poor
98,26,49,27.29035669,90.53330091,6.130160473,Moderate
113,20,48,27.46583649,94.87679041,6.440584681,Poor
101,17,47,29.49401389,94.72981338,6.185053234,Poor
98,7,45,27.79161808,92.51054946,6.157724816,Poor
93,22,48,29.12533739,91.52291141,6.776987974,Poor
95,21,47,27.93114233,93.56161439,6.431970877,Poor
109,12,48,29.45771748,92.12534736,6.708743843,Poor
118,12,47,27.96872279,92.17444796,6.010739645,Poor
100,14,49,29.48882958,91.07574233,6.365956658,Poor
89,9,47,29.47156259,90.77069618,6.668382766,Poor
95,16,46,27.0767265,90.14362622,6.74669542,Poor
95,7,45,27.30008597,90.80015308,6.031665834,Poor
87,6,45,29.82729394,90.79007335,6.40077205,Moderate
93,20,50,29.93061247,93.22980899,6.448792689,Poor
84,29,49,29.94349168,93.90741192,6.251420275,Moderate
111,5,47,28.03306461,91.47355778,6.274452811,Poor
111,5,52,29.8843055,94.0371147,6.135996372,Poor
111,15,54,27.7058373,92.91185695,6.194090172,Poor
89,11,47,29.78714005,94.65343534,6.327822962,Poor
110,15,48,28.57819995,92.86597437,6.212567211,Poor
95,30,52,29.48069921,90.33698678,6.640470863,Moderate
115,12,52,27.51492243,94.96218673,6.685553129,Poor
120,25,50,28.05457761,94.81637388,6.327210469,Moderate
102,11,45,29.03167341,93.12603235,6.35544263,Poor
94,5,55,28.5854649,91.89216849,6.085682344,Poor
84,18,46,27.08808014,93.42402083,6.781050373,Moderate
107,22,54,27.99611732,90.84660317,6.630301421,Poor
80,18,52,27.87317436,91.14849627,6.484799661,Moderate
86,18,45,28.96586565,90.71832938,6.566759102,Moderate
113,28,48,28.87726019,92.48839665,6.170520518,Moderate
115,18,53,29.17052093,94.19790371,6.012480351,Poor
82,20,54,29.34033587,90.01506395,6.541150335,Moderate
98,22,47,29.07265321,91.91533173,6.341400922,Poor
117,25,54,28.68275966,92.50969311,6.150686364,Moderate
83,15,49,28.92705913,91.39356832,6.438008153,Moderate
120,16,51,27.99901833,91.64193051,6.547041903,Poor
111,5,50,27.59350075,91.79742953,6.399891457,Poor
85,21,47,29.87331077,90.60932469,6.186770318,Moderate
90,23,54,28.55852465,90.45773041,6.159020864,Moderate
99,29,55,29.19378695,91.46241065,6.660954816,Moderate
102,11,47,27.98780984,92.78226196,6.504906979,Poor
80,18,51,28.05380704,91.81758779,6.706053225,Moderate
87,21,52,27.3506296,94.2911951,6.067665498,Moderate
114,8,52,29.34081108,94.5513539,6.419083092,Poor
99,6,46,28.61475136,94.22253035,6.39637861,Poor
89,25,50,27.04863538,91.34685096,6.375923383,Moderate
96,13,55,29.5275305,94.57459443,6.700337732,Poor
82,26,47,28.50416396,93.46806467,6.565312653,Moderate
106,21,52,28.89578588,94.78993038,6.286515359,Poor
90,15,52,27.04927452,91.3821731,6.448061578,Moderate
106,16,54,28.96017885,91.69532178,6.585872508,Poor
80,10,40,28.64818182,80.75830409,6.62,Moderate
80,10,40,27.65454545,80.80693318,6.56,Moderate
80,10,40,28.64818182,80.79134595,6.5,Moderate
80,10,40,27.65454545,80.63265446,6.68,Moderate
80,10,40,27.65454545,80.72448314,6.48,Moderate
80,10,40,28.08181818,80.82638369,6.46,Moderate
80,10,40,27.90909091,80.75557167,6.62,Moderate
80,10,40,27.65454545,80.69654002,6.58,Moderate
80,10,40,27.65454545,80.74894272,6.4,Moderate
80,10,40,26.01818182,80.78290917,6.56,Moderate
80,10,40,28.99454545,80.85084326,6.36,Moderate
80,10,40,28.08181818,80.81594555,6.52,Moderate
80,10,40,28.08181818,80.84710637,6.42,Moderate
80,10,40,28.64818182,80.82638369,6.46,Moderate
80,10,40,28.64818182,80.84710637,6.42,Moderate
80,10,40,28.64818182,80.85084326,6.36,Moderate
80,10,40,28.64818182,80.82638369,6.48,Moderate
80,10,40,28.64818182,80.79844057,6.58,Moderate
80,10,40,27.65454545,80.67594708,6.44,Moderate
80,10,40,27.90909091,80.77464641,6.44,Moderate
80,10,40,28.99454545,80.79134595,6.5,Moderate
80,10,40,26.01818182,80.67084623,6.5,Moderate
80,10,40,28.64818182,80.87600135,6.32,Moderate
80,10,40,28.64818182,80.85084326,6.34,Moderate
80,10,40,28.99454545,80.73130944,6.66,Moderate
80,10,40,28.08181818,80.79844057,6.58,Moderate
80,10,40,28.99454545,80.85084326,6.34,Moderate
80,10,40,28.64818182,80.77784763,6.44,Moderate
80,10,40,26.01818182,80.69275374,6.52,Moderate
80,10,40,28.64818182,80.90883373,6.54,Moderate
80,10,40,28.64818182,80.90883373,6.56,Moderate
80,10,40,27.65454545,80.68562842,6.6,Moderate
120,60,65,22.89090909,83.14210391,6.14,Poor
120,60,65,25.574,80.95694632,5.94,Poor
120,60,65,21.3,81.65287079,6.14,Poor
120,60,65,22.676,86.69940618,6.16,Poor
120,60,65,29.95636364,83.14772702,6.14,Poor
120,60,65,18.58,66.44641327,5.86,Poor
120,60,65,26.73636364,82.86401018,6.06,Poor
120,60,65,10.38,67.82395243,5.88,Poor
120,60,65,29.03727273,82.57545966,5.84,Poor
120,60,65,23.73636364,82.94419132,6.04,Poor
120,60,65,22.676,86.35443035,6.02,Poor
120,60,65,28.64818182,82.48584476,6.0,Poor
120,60,65,23.73636364,82.98024794,5.98,Poor
120,60,65,26.51818182,82.99686386,6.06,Poor
120,60,65,29.18636364,82.54341992,5.88,Poor
120,60,65,29.95636364,83.02647064,5.96,Poor
120,60,65,22.6,83.09437476,6.1,Poor
120,60,65,27.65454545,82.54593339,6.16,Poor
120,60,65,26.73636364,82.85817286,6.04,Poor
120,60,65,25.46,83.36672547,5.9,Poor
120,60,65,34.66666667,91.13578386,6.02,Poor
120,60,65,25.83333333,79.82102804,5.82,Poor
120,60,65,23.73636364,83.10580178,5.9,Poor
120,60,65,34.66666667,91.29574893,6.14,Poor
120,60,65,23.73636364,83.08400193,5.84,Poor
120,60,65,29.26666667,82.665203,6.06,Poor
120,60,65,28.54545455,82.57765556,5.84,Poor
120,60,65,29.03727273,82.57452842,5.82,Poor
120,60,65,29.18636364,82.52529646,5.92,Poor
120,60,65,28.64818182,82.59140737,5.82,Poor
120,60,65,28.50727273,82.62467044,6.08,Poor
120,60,65,28.64818182,82.64392912,6.1,Poor
120,60,65,28.50727273,82.64392912,6.1,Poor
120,60,65,27.65454545,82.58188788,6.08,Poor
120,60,65,27.276,92.05605065,5.92,Poor
120,60,65,28.64818182,82.57012776,5.98,Poor
120,60,65,28.64818182,82.55669974,6.18,Poor
120,60,65,22.676,86.28930856,5.88,Poor
120,60,65,27.65454545,82.61427904,6.12,Poor
120,60,65,22.676,86.40740533,6.1,Poor
120,60,65,23.73636364,82.94419132,6.02,Poor
120,60,65,18.58,66.24537182,5.96,Poor
120,60,65,21.3,81.53268272,6.1,Poor
120,60,65,22.676,86.31828934,5.96,Poor
120,60,65,29.26666667,82.63313222,5.94,Poor
120,60,65,25.83333333,79.52543168,6.0,Poor
120,60,65,21.3,81.4910332,6.08,Poor
120,60,65,27.65454545,82.5102454,6.18,Poor
120,60,65,22.676,86.41035125,6.08,Poor
120,60,65,25.46,83.34265405,5.88,Poor
120,60,65,25.46,83.34179667,5.86,Poor
120,60,65,21.3,81.42793308,6.06,Poor
120,60,65,34.66666667,91.28134191,6.12,Poor
120,60,65,27.65454545,82.47337664,6.02,Poor
120,60,65,28.64818182,82.54795875,5.96,Poor
120,60,65,22.676,86.29931106,5.86,Poor
120,60,65,28.64818182,82.55408494,5.92,Poor
120,60,65,29.03727273,82.56245494,5.94,Poor
120,60,65,23.73636364,83.04143036,5.92,Poor
120,60,65,23.73636364,83.14091478,6.12,Poor
120,60,65,28.64818182,82.5722084,5.88,Poor
120,60,65,29.95636364,83.15384941,6.08,Poor
120,60,65,29.18636364,82.63591204,6.14,Poor
120,60,65,28.68,82.61782022,6.14,Poor
120,60,65,29.18636364,82.51917028,5.96,Poor
120,60,65,28.54545455,82.62467044,6.08,Poor
120,60,65,26.51818182,83.114975,6.12,Poor
120,60,65,27.65454545,82.5833427,5.9,Poor
120,60,65,29.03727273,82.64203443,6.08,Poor
120,60,65,34.66666667,91.16290874,5.88,Poor
120,60,65,29.18636364,82.64203443,6.08,Poor
120,60,65,29.95636364,83.02585329,5.84,Poor
120,60,65,23.73636364,83.09078271,5.82,Poor
120,60,65,29.18636364,82.51022172,6.0,Poor
120,60,65,26.51818182,83.04808952,5.88,Poor
120,60,65,28.50727273,82.5722084,5.88,Poor
120,60,65,28.64818182,82.57765556,5.84,Poor
120,60,65,23.73636364,83.09329299,6.18,Poor
120,60,65,25.46,83.34629529,5.84,Poor
120,60,65,21.3,81.68540616,5.84,Poor
120,60,65,25.46,83.11830517,6.0,Poor
120,60,65,29.18636364,82.54436847,5.86,Poor
120,60,65,21.3,81.64816123,5.9,Poor
120,60,65,27.65454545,82.49048123,6.06,Poor
120,60,65,26.73636364,82.96390603,6.1,Poor
120,60,65,22.6,83.12922558,5.82,Poor
120,60,65,29.18636364,82.52529646,5.94,Poor
120,60,65,28.64818182,82.61854805,6.14,Poor
120,60,65,27.65454545,82.52339791,5.92,Poor
120,60,65,22.6,83.11978776,6.16,Poor
120,60,65,22.676,86.32771861,5.92,Poor
120,60,65,26.51818182,83.00952364,5.92,Poor
120,60,65,26.73636364,82.9688976,6.12,Poor
120,60,65,28.64818182,82.50405744,6.02,Poor
120,60,65,27.65454545,82.51727172,5.96,Poor
120,60,65,25.46,83.18026921,5.98,Poor
120,60,65,28.54545455,82.52996007,6.06,Poor
120,60,65,28.50727273,82.57315694,5.86,Poor
120,60,65,27.65454545,82.58676488,5.86,Poor
120,60,65,26.51818182,82.98287464,6.02,Poor
120,60,65,25.83333333,79.75794043,6.04,Poor
120,60,65,19.94545455,68.01622277,5.82,Poor
120,60,65,25.574,81.01409876,6.14,Poor
120,60,65,26.45454545,83.21034846,6.18,Poor
120,60,65,29.95636364,83.01816829,5.92,Poor
120,60,65,29.18636364,82.57406373,6.18,Poor
120,60,65,34.66666667,91.15545089,5.82,Poor
120,60,65,29.03727273,82.58057839,5.88,Poor
120,60,65,28.64818182,82.55408494,5.94,Poor
120,60,65,28.64818182,82.62467044,6.08,Poor
120,60,65,27.65454545,82.53944073,5.98,Poor
120,60,65,29.03727273,82.63591204,6.14,Poor
120,60,65,19.94545455,67.5729852,6.14,Moderate
120,60,65,28.50727273,82.57765556,5.84,Poor
120,60,65,22.676,86.32771861,5.94,Poor
120,60,65,28.54545455,82.64392912,6.1,Poor
120,60,65,10.38,67.50967825,5.92,Poor
120,60,65,28.64818182,82.65706161,6.12,Poor
120,60,65,29.6,78.85822039,5.88,Poor
120,60,65,34.66666667,91.16372061,5.96,Poor
120,60,65,29.03727273,82.54120086,6.04,Poor
120,60,65,19.94545455,67.93620568,6.06,Moderate
120,60,65,28.54545455,82.65706161,6.12,Poor
120,60,65,21.3,81.60880003,5.94,Poor
120,60,65,29.95636364,83.17310809,6.1,Poor
120,60,65,19.94545455,67.57989017,6.18,Moderate
120,60,65,29.18636364,82.60975171,6.16,Poor
120,60,65,34.66666667,91.1449905,5.94,Poor
120,60,65,25.83333333,79.74426789,5.98,Poor
120,60,65,22.676,86.35443035,6.06,Poor
120,60,65,34.01,88.79585345,6.12,Poor
120,60,65,22.6,82.97716273,6.04,Poor
120,60,65,10.38,67.55441089,6.0,Poor
120,60,65,10.38,67.3807204,6.12,Poor
120,60,65,28.54545455,82.48584476,6.0,Poor
120,60,65,26.51818182,83.03224216,5.96,Poor
120,60,65,22.89090909,82.99634031,6.02,Poor
120,60,65,22.89090909,83.09505465,5.92,Poor
120,60,65,22.92727273,83.15050926,6.12,Poor
120,60,65,22.89090909,83.13762622,5.84,Poor
120,60,65,22.676,86.31828934,5.98,Poor
120,60,65,34.66666667,91.31155656,6.18,Poor
120,60,65,28.68,82.62394261,6.08,Poor
120,60,65,19.94545455,67.76019748,5.98,Poor
120,60,65,22.676,86.29931106,5.82,Poor
120,60,65,29.18636364,82.53736994,5.82,Poor
120,60,65,28.54545455,82.57107497,5.9,Poor
120,60,65,26.51818182,83.10826077,6.1,Poor
120,60,65,28.68,82.5033296,6.02,Poor
120,60,65,28.54545455,82.55669974,6.18,Poor
120,60,65,27.276,92.04662138,5.96,Poor
120,60,65,21.3,81.70383066,6.12,Poor
120,60,65,29.03727273,82.57944496,5.9,Poor
120,60,65,34.66666667,91.29250527,6.16,Poor
120,60,65,34.66666667,91.21422018,6.08,Poor
120,60,65,23.73636364,83.08036068,5.88,Poor
120,60,65,22.89090909,83.11355234,6.1,Poor
120,60,65,26.73636364,82.88884591,5.96,Poor
120,60,65,23.73636364,82.97950316,5.96,Poor
120,60,65,29.95636364,83.18624058,6.12,Poor
120,60,65,23.13333333,79.83982027,5.82,Poor
120,60,65,25.83333333,79.79042165,5.94,Poor
120,60,65,28.54545455,82.55408494,5.92,Poor
120,60,65,22.6,83.17388619,6.12,Poor
120,60,65,22.676,86.33004691,5.9,Poor
120,60,65,27.65454545,82.52339791,5.94,Poor
120,60,65,25.46,83.31275477,6.16,Poor
120,60,65,28.54545455,82.57315694,5.86,Poor
120,60,65,28.64818182,82.57107497,5.9,Poor
120,60,65,33.37333333,88.74781688,5.96,Poor
120,60,65,26.51818182,83.05353668,5.84,Poor
120,60,65,23.73636364,83.00847727,6.08,Poor
120,60,65,22.676,86.27495148,6.0,Poor
120,60,65,22.6,82.97716273,6.06,Poor
120,60,65,29.03727273,82.58152694,5.86,Poor
120,60,65,29.95636364,83.02062879,6.0,Poor
120,60,65,26.73636364,82.91101492,5.98,Poor
120,60,65,25.46,83.16917444,6.06,Poor
120,60,65,29.18636364,82.54228649,5.9,Poor
120,60,65,27.65454545,82.60360739,5.82,Poor
120,60,65,22.676,86.56775299,6.14,Poor
120,60,65,26.73636364,82.90055195,6.16,Poor
120,60,65,29.26666667,82.65125568,5.88,Poor
120,60,65,28.54545455,82.55408494,5.94,Poor
120,60,65,26.51818182,82.96362307,6.0,Poor
120,60,65,34.66666667,91.28894169,6.1,Poor
120,60,65,26.01818182,83.53221272,6.12,Poor
120,60,65,22.89090909,83.19306377,6.12,Poor
120,60,65,26.73636364,82.94464735,6.08,Poor
120,60,65,18.58,66.13213908,5.92,Poor
120,60,65,29.95636364,83.12156669,6.16,Poor
120,60,65,29.03727273,82.52790293,6.02,Poor
120,60,65,28.54545455,82.59140737,5.82,Poor
120,60,65,28.50727273,82.55408494,5.92,Poor
120,60,65,22.89090909,83.13398497,5.88,Poor
120,60,65,22.89090909,82.99634031,6.04,Poor
120,60,65,29.95636364,83.03097202,5.88,Poor
120,60,65,26.51818182,83.07278968,6.14,Poor
120,60,65,27.276,91.99479137,6.06,Poor
120,60,65,34.66666667,91.16290874,5.9,Poor
120,60,65,34.66666667,91.17455609,6.0,Poor
120,60,65,29.03727273,82.67442559,6.12,Poor
120,60,65,28.54545455,82.57012776,5.98,Poor
120,60,65,22.676,86.67086422,6.18,Poor
120,60,65,21.3,81.60880003,5.92,Poor
120,60,65,22.6,83.11480739,5.88,Poor
120,60,65,26.51818182,82.99102655,6.04,Poor
120,60,65,29.18636364,82.54732406,6.06,Poor
120,60,65,21.3,81.64375405,5.86,Poor
120,60,65,28.50727273,82.57012776,5.98,Poor
120,60,65,25.46,83.36503125,6.12,Poor
120,60,65,29.18636364,82.54133929,5.98,Poor
120,60,65,27.63636364,82.58581633,5.88,Poor
120,60,65,10.38,67.55001405,5.96,Poor
120,60,65,28.54545455,82.5722084,5.88,Poor
120,60,65,22.89090909,83.13896534,6.16,Poor
120,60,65,29.26666667,82.72763065,6.16,Poor
120,60,65,28.64818182,82.59238772,6.16,Poor
120,60,65,27.65454545,82.58581633,5.88,Poor
120,60,65,29.95636364,83.03192056,5.86,Poor
120,60,65,22.6,83.12292633,6.14,Poor
120,60,65,28.64818182,82.52383687,6.04,Poor
120,60,65,29.26666667,82.6452057,5.82,Poor
120,60,65,29.26666667,82.66360359,5.98,Poor
120,60,65,28.50727273,82.52383687,6.04,Poor
120,60,65,34.66666667,91.1449905,5.92,Poor
120,60,65,26.51818182,83.08523403,6.08,Poor
120,60,65,28.68,82.53788161,5.92,Poor
120,60,65,28.68,82.55695361,5.86,Poor
120,60,65,29.18636364,82.54120086,6.04,Poor
120,60,65,28.64818182,82.57315694,5.86,Poor
120,60,65,26.01818182,83.39931021,6.02,Poor
120,60,65,26.01818182,83.41469417,5.92,Poor
120,60,65,28.54545455,82.59238772,6.16,Poor
120,60,65,34.66666667,91.17455609,5.98,Poor
120,60,65,28.50727273,82.48584476,6.0,Poor
120,60,65,21.3,81.69773381,5.82,Poor
120,60,65,29.03727273,82.57406373,6.18,Poor
120,60,65,25.83333333,79.83714407,6.06,Poor
120,60,65,29.03727273,82.57849776,5.98,Poor
120,60,65,26.51818182,83.06588057,5.82,Poor
120,60,65,22.676,86.35443035,6.04,Poor
120,60,65,25.83333333,79.99101196,6.16,Poor
120,60,65,28.99454545,82.50320875,6.0,Poor
120,60,65,28.68,82.48511692,6.0,Poor
120,60,65,29.95636364,83.05301584,6.04,Poor
120,60,65,19.94545455,67.93620568,6.08,Moderate
120,60,65,26.73636364,82.86612738,5.92,Poor
120,60,65,18.58,66.23252795,5.94,Poor
120,60,65,22.6,82.97716273,6.02,Poor
120,60,65,22.6,83.07587707,5.94,Poor
120,60,65,23.73636364,83.07950331,5.86,Poor
120,60,65,14.7,67.51903696,5.92,Poor
120,60,65,29.18636364,82.5284344,6.02,Poor
120,60,65,29.03727273,82.50969025,6.0,Poor
120,60,65,28.68,82.5559719,6.18,Poor
120,60,65,18.58,66.57425396,6.1,Moderate
120,60,65,28.68,82.55487163,5.9,Poor
120,60,65,25.83333333,79.79764882,5.96,Poor
120,60,65,34.66666667,91.16187973,6.06,Poor
120,60,65,25.46,83.31407139,6.14,Poor
120,60,65,26.73636364,82.91014043,5.84,Poor
120,60,65,28.54545455,82.50405744,6.02,Poor
120,60,65,22.6,83.11844864,5.84,Poor
120,60,65,28.68,82.55600507,5.88,Poor
120,60,65,26.45454545,83.22712606,6.16,Poor
120,60,65,22.6,83.14024849,5.9,Poor
120,60,65,27.65454545,82.5912635,5.84,Poor
120,60,65,25.574,80.90602905,5.96,Poor
120,60,65,26.01818182,83.45921273,5.88,Poor
120,60,65,27.65454545,82.48435803,6.04,Poor
120,60,65,34.01,88.76854104,6.04,Poor
120,60,65,28.50727273,82.55408494,5.94,Poor
120,60,65,22.89090909,83.06062626,6.08,Poor
120,60,65,19.94545455,67.76019748,5.96,Poor
120,60,65,19.94545455,68.01622277,5.84,Poor
120,60,65,28.54545455,82.52383687,6.04,Poor
120,60,65,22.70909091,86.46699517,5.86,Poor
120,60,65,25.83333333,80.05399801,6.14,Poor
120,60,65,26.45454545,83.18718631,5.94,Poor
120,60,65,22.89090909,83.13896534,6.18,Poor
120,60,65,18.58,66.24537182,6.04,Moderate
120,60,65,22.6,83.04144868,6.08,Poor
120,60,65,28.68,82.59165989,6.16,Poor
120,60,65,25.574,80.56205342,6.0,Poor
120,60,65,29.26666667,82.65012225,5.9,Poor
120,60,65,26.73636364,82.84092982,6.02,Poor
120,60,65,25.574,80.77345846,5.98,Poor
120,60,65,19.94545455,67.74735361,5.94,Poor
120,60,65,28.50727273,82.55669974,6.18,Poor
120,60,65,34.66666667,91.15545089,5.86,Poor
120,60,65,14.7,67.50398929,5.9,Poor
120,60,65,27.86666667,82.65584809,6.04,Poor
120,60,65,23.73636364,82.91565508,6.0,Poor
120,60,65,34.66666667,91.14789914,6.04,Poor
120,60,65,29.26666667,82.64490543,6.02,Poor
120,60,65,22.6,83.01469465,5.98,Poor
120,60,65,29.18636364,82.66129311,6.1,Poor
120,60,65,19.94545455,67.5729852,6.16,Moderate
120,60,65,26.73636364,82.88377435,6.18,Poor
120,60,65,28.54545455,82.61854805,6.14,Poor
120,60,65,25.574,80.86583148,6.02,Poor
120,60,65,15.5,67.56376961,6.0,Moderate
120,60,65,26.51818182,83.05441117,5.98,Poor
120,60,65,29.95636364,83.02983859,5.9,Poor
120,60,65,10.38,67.49463058,5.9,Poor
120,60,65,25.574,81.05805354,6.12,Poor
120,60,65,23.73636364,83.06140334,6.1,Poor
120,60,65,29.18636364,82.53830119,5.84,Poor
120,60,65,26.51818182,83.04903806,5.86,Poor
120,60,65,29.26666667,82.62669275,6.0,Poor
120,60,65,29.95636364,83.01816829,5.94,Poor
120,60,65,27.65454545,82.45516396,6.0,Poor
120,60,65,22.89090909,83.14840316,5.82,Poor
120,60,65,23.73636364,83.04143036,5.94,Poor
120,60,65,18.58,66.24537182,6.02,Moderate
120,60,65,10.38,67.72602225,6.1,Poor
120,60,65,20.70909091,69.84882978,5.88,Poor
120,60,65,22.676,86.59297548,6.12,Poor
120,60,65,25.83333333,79.82971466,5.86,Poor
120,60,65,28.68,82.65633377,6.12,Poor
120,60,65,29.03727273,82.56245494,5.92,Poor
120,60,65,28.50727273,82.54795875,5.96,Poor
120,60,65,28.64818182,82.52996007,6.06,Poor
120,60,65,29.95636364,83.04863965,5.98,Poor
120,60,65,26.73636364,82.82167825,6.0,Poor
120,60,65,21.3,81.62629372,5.88,Poor
120,60,65,27.65454545,82.60114655,6.1,Poor
120,60,65,29.26666667,82.64613695,5.84,Poor
120,60,65,19.94545455,67.76459433,6.0,Moderate
120,60,65,26.45454545,83.23572329,6.14,Poor
120,60,65,29.03727273,82.55632875,5.96,Poor
120,60,65,27.63636364,82.5912635,5.84,Poor
120,60,65,26.45454545,83.2139534,5.98,Poor
120,60,65,27.23333333,82.81471106,6.14,Poor
120,60,65,25.83333333,79.82378951,5.9,Poor
120,60,65,19.94545455,67.76459433,6.02,Moderate
120,60,65,14.7,67.73538096,6.1,Poor
120,60,65,10.38,67.82395243,5.82,Poor
120,60,65,10.38,67.55441089,6.02,Poor
120,60,65,34.01,88.73575109,5.9,Poor
120,60,65,20.70909091,69.84882978,5.84,Poor
120,60,65,22.89090909,83.03387223,5.98,Poor
120,60,65,26.01818182,83.43877333,5.94,Poor
120,60,65,21.3,81.43091106,6.04,Poor
120,60,65,20.70909091,69.84882978,5.82,Poor
120,60,65,25.574,80.9423144,5.92,Poor
120,60,65,25.574,80.88592996,6.1,Poor
120,60,65,29.95636364,83.08415605,6.18,Poor
120,60,65,26.73636364,82.92671227,6.14,Poor
120,60,65,28.08181818,82.57095698,6.1,Poor
120,60,65,29.03727273,82.66129311,6.1,Poor
120,60,65,22.6,83.11395002,5.86,Poor
120,60,65,18.58,66.24537182,6.0,Moderate
120,60,65,23.73636364,83.09329299,6.16,Poor
120,60,65,22.89090909,82.99634031,6.06,Poor
120,60,65,25.83333333,79.97436795,6.08,Poor
120,60,65,29.26666667,82.75379098,6.14,Poor
120,60,65,21.3,81.57100003,5.96,Poor
120,60,65,26.01818182,83.45835535,5.86,Poor
120,60,65,26.01818182,83.49828779,6.18,Poor
120,60,65,34.01,88.75017963,5.98,Poor
120,60,65,22.676,86.29931106,5.84,Poor
120,60,65,22.89090909,82.96927937,6.0,Poor
120,60,65,29.26666667,82.79230453,6.12,Poor
120,60,65,14.7,67.83331115,5.88,Poor
120,60,65,26.73636364,82.88424783,5.94,Poor
120,60,65,10.38,67.72602225,6.08,Poor
120,60,65,25.83333333,80.14511539,6.12,Poor
120,60,65,34.01,88.77802078,6.06,Poor
120,60,65,27.276,91.98157572,6.08,Poor
120,60,65,19.94545455,67.5729852,6.12,Moderate
120,60,65,26.51818182,83.06419245,6.16,Poor
120,60,65,26.73636364,82.90469327,5.88,Poor
120,60,65,29.56666667,82.64367231,6.0,Poor
120,60,65,25.46,83.29099897,6.1,Poor
120,60,65,34.01,88.73575109,5.94,Poor
120,60,65,29.26666667,82.64143458,5.96,Poor
120,60,65,21.3,81.64496842,6.16,Poor
120,60,65,22.70909091,86.48084391,5.96,Poor
120,60,65,28.08181818,82.48005583,6.18,Poor
120,60,65,19.94545455,67.93620568,6.1,Moderate
120,60,65,21.3,81.44253995,6.0,Poor
22,30,12,15.78144173,92.51077745,6.354006744,Moderate
37,6,13,26.03097313,91.50819306,7.511755068,Poor
27,13,6,13.36050601,91.35608208,7.335158382,Poor
7,16,9,18.87957654,92.04304496,7.813916603,Poor
20,7,9,29.47741671,91.57802915,7.129136941,Poor
26,27,10,28.06903173,92.91487288,6.079998496,Moderate
5,23,15,25.66901098,92.04670813,7.408939392,Moderate
0,18,14,29.77149434,92.00719952,7.207991261,Poor
39,24,14,30.55472573,90.90343769,7.189259647,Moderate
13,23,6,23.96147583,90.26408017,7.365338111,Moderate
21,17,15,23.98289638,91.5473145,7.455991072,Moderate
33,12,8,25.26052689,90.31153735,6.822282114,Poor
6,9,12,31.08368929,90.14362642,7.028746406,Poor
19,7,10,14.78003032,91.22062116,6.118430299,Poor
24,18,6,26.56608303,94.45239715,6.285312759,Poor
9,11,8,24.85903405,94.39000473,6.559236744,Poor
31,8,7,34.51465139,93.63812684,7.163245982,Poor
22,17,5,24.12188673,90.72351622,6.945562889,Moderate
13,5,8,23.85340379,90.10522549,7.474710503,Poor
16,8,9,24.60297538,91.28408653,7.601189843,Poor
4,13,6,15.63211033,94.25966183,7.561143224,Poor
0,25,14,19.33516809,91.97978938,6.361671475,Moderate
8,7,10,28.2620488,91.98317355,6.929216014,Poor
4,23,5,22.67594476,93.36348717,7.477935216,Moderate
33,14,8,21.03200078,92.9641969,7.684420446,Poor
30,7,15,33.23453301,91.06053924,7.825531916,Poor
21,29,12,22.30318989,92.15987039,6.438668989,Moderate
11,14,5,11.50322938,94.8933184,6.946354724,Poor
9,8,15,14.34320488,94.35734702,7.994465371,Poor
5,18,14,33.1056981,93.48447453,7.434118807,Poor
29,25,14,30.49183837,90.4582865,7.781988584,Poor
33,12,15,30.25578031,92.03272799,6.052318465,Poor
8,16,6,12.22816189,90.26457428,7.106650373,Poor
15,14,8,10.01081312,90.22399223,6.22094286,Poor
16,7,8,22.79196751,90.60901895,6.420457311,Poor
0,12,7,20.18432263,90.65458473,6.969249676,Poor
5,25,6,30.72119881,94.01331956,6.011302181,Poor
6,8,11,24.35590861,92.39651663,6.600948788,Poor
10,5,5,21.21306973,91.35349216,7.817846496,Poor
1,17,6,10.78689755,91.38411917,6.8198271,Poor
1,30,10,11.89925671,91.34663797,7.291405641,Moderate
0,23,15,22.56664172,93.37488907,7.598729065,Moderate
24,27,9,18.86883219,93.24688124,6.157135092,Moderate
36,11,13,17.34083741,93.04897191,7.1917274,Moderate
40,21,8,34.90665289,92.87820148,7.418761774,Poor
40,22,6,24.53610067,91.90997228,6.488221135,Moderate
32,18,13,13.8377282,91.74780462,6.044167236,Moderate
9,10,10,22.3551049,93.52211892,6.010391864,Poor
13,16,8,34.74004942,93.12316972,6.949838549,Poor
15,9,11,11.54785707,94.14861001,7.907956251,Poor
29,11,5,23.13338811,91.94670335,7.639788459,Poor
1,15,9,29.98364695,94.55239717,7.53350946,Poor
18,5,11,20.87947369,90.93756231,6.251586885,Poor
14,22,9,17.24944623,91.13772765,6.543191814,Moderate
33,15,7,15.83388699,91.68293851,7.651225301,Moderate
4,6,7,23.01014302,91.11764246,6.708889665,Poor
17,16,14,16.39624284,92.18151927,6.625538653,Moderate
12,20,10,24.45132792,93.10527686,6.528354932,Moderate
34,29,8,31.87859192,91.15248149,6.450640306,Moderate
39,28,10,31.34920143,91.48247612,7.181907673,Moderate
31,25,12,18.05142392,90.03969587,7.016482298,Moderate
12,6,8,30.84835031,92.86773675,6.388617138,Poor
12,29,13,22.45616931,91.52781832,7.57125447,Moderate
26,11,11,13.70319166,90.95589386,7.609348255,Poor
19,24,15,20.48954522,93.72485075,7.137136973,Moderate
39,21,9,13.20844373,94.02769434,6.354022554,Moderate
16,29,13,32.31944397,93.67804556,6.196907944,Poor
36,29,13,20.68185224,90.91510525,7.829507245,Moderate
37,23,12,31.52675982,90.50621806,6.395258356,Moderate
39,9,15,25.35467646,91.81183218,7.992041984,Poor
31,5,14,17.66545409,91.69865887,6.583411671,Moderate
18,12,8,12.59093977,91.81668769,6.206053072,Poor
20,20,10,11.86631922,93.68394562,6.976997772,Poor
5,8,5,11.03367937,92.22706805,6.562594972,Poor
20,8,12,25.2990432,94.96419851,7.260416405,Poor
25,21,11,32.23797837,90.15406807,6.460044778,Poor
14,19,14,17.68408797,94.35815354,6.699164936,Moderate
37,18,12,10.2708877,90.19147747,7.401121811,Moderate
26,15,6,17.22034507,94.78797376,6.912033409,Moderate
13,22,5,19.667056,90.50096668,7.764040111,Poor
32,25,9,10.35609594,93.75652041,7.796034006,Moderate
19,7,9,27.255435,91.71369387,6.969883483,Poor
28,7,9,34.5917846,92.13229786,6.730757538,Poor
24,30,11,32.39523995,94.51768464,6.601395755,Poor
7,17,10,10.16431299,91.22320999,6.465913274,Poor
18,23,8,21.49118657,93.43949693,6.41354791,Moderate
7,20,12,16.53460397,94.76759975,6.475275337,Moderate
20,23,11,31.8520694,90.12220323,6.407715561,Poor
18,14,11,28.04799508,90.00621688,6.550814117,Poor
34,11,10,31.75048899,94.59551226,7.36220835,Poor
20,29,10,29.07412717,93.27189064,7.36549204,Moderate
37,24,13,19.14381903,90.71037456,7.8546243,Moderate
12,8,10,16.14820285,91.4448027,7.995848977,Poor
34,10,14,34.05296914,92.05811721,6.725600855,Poor
6,13,9,34.51423957,90.56151463,7.786725333,Poor
27,30,5,32.71748548,90.54608254,7.656978112,Poor
13,8,12,25.16296632,92.54736032,7.105904818,Poor
6,7,7,27.68167318,94.47316879,7.199106204,Poor
40,17,15,21.35093384,90.9492967,7.871063004,Moderate
31,26,9,11.69894639,93.25638873,7.566165721,Moderate
61,68,50,35.21462816,91.49725058,6.793245417,Poor
58,46,45,42.39413392,90.79028064,6.576261427,Moderate
45,47,55,38.4191628,91.14220381,6.751452932,Poor
39,65,53,35.33294932,92.11508608,6.560743093,Poor
31,68,45,42.92325255,90.07600528,6.938313356,Poor
70,68,45,33.83508569,92.85470152,6.991626158,Moderate
68,62,50,33.20258348,92.76437927,6.977700268,Poor
34,65,47,23.48546973,93.71043692,6.833768535,Moderate
38,68,54,29.33710543,90.81781439,6.739170045,Poor
69,64,47,40.21199348,94.50766912,6.993473247,Poor
58,51,47,42.13473976,91.70445386,6.757470637,Poor
59,47,53,32.86316618,91.4618874,6.850663232,Poor
44,64,54,29.80744318,91.38048469,6.74274935,Poor
56,57,48,31.56213762,93.0484859,6.506120752,Poor
69,60,54,36.32268069,93.06134398,6.98992719,Poor
56,58,49,37.13165026,94.60761797,6.69215564,Poor
49,55,53,38.4418717,93.63739039,6.544029776,Poor
38,51,52,32.66160599,90.78931681,6.927803911,Poor
54,65,47,27.92765919,91.55594211,6.721835879,Moderate
57,57,51,39.01793345,91.48815629,6.99223441,Poor
39,52,53,32.51247398,94.65904123,6.704204398,Poor
58,67,45,38.72382798,91.72514851,6.702424548,Moderate
61,64,52,43.30204933,92.83405443,6.641098708,Poor
34,62,55,27.58548913,90.72526502,6.585346229,Poor
31,48,45,40.78881819,92.90951393,6.563134737,Poor
47,46,52,23.19451074,91.40301608,6.502289473,Moderate
32,68,52,32.68067385,92.61715632,6.800321319,Poor
36,59,46,34.28879307,93.61082872,6.721130543,Poor
61,51,51,39.30050027,94.16193416,6.574677594,Poor
70,54,46,39.73149053,91.12220596,6.919342407,Poor
44,56,49,39.23342464,91.25589286,6.519779583,Poor
34,68,51,27.34734861,94.17756725,6.687088098,Poor
50,59,47,40.76998685,92.09278584,6.747975732,Poor
39,70,52,26.26559543,90.79668055,6.65149129,Poor
34,61,49,28.12971499,93.3210737,6.502675132,Poor
44,60,55,34.2804607,90.55561637,6.825371185,Poor
31,62,52,33.7960155,93.00754254,6.99104104,Poor
65,62,51,31.53243779,90.87394933,6.511624841,Poor
44,57,53,42.30495821,90.51431779,6.93172108,Poor
50,47,48,24.63676897,90.61964344,6.712772333,Moderate
43,50,48,28.28222883,91.37059792,6.63016515,Poor
60,46,53,24.48620746,92.98254537,6.761953186,Moderate
70,68,55,42.84609252,94.63548176,6.691202286,Poor
59,62,52,43.67549305,93.10887229,6.608667684,Poor
60,58,51,42.07213781,92.92203105,6.840802254,Poor
42,60,47,33.46873719,92.12746225,6.834808348,Poor
35,66,47,31.7018373,91.66232213,6.953439161,Poor
34,65,48,41.41968393,90.03863107,6.665024508,Poor
36,54,46,42.54744013,94.94482086,6.662875839,Poor
39,64,52,28.91842453,94.63676767,6.678695788,Poor
37,52,47,43.08022702,93.90305729,6.54277684,Poor
33,47,46,29.20300896,93.96834049,6.839443833,Poor
34,48,48,41.04224355,91.37258067,6.805277038,Poor
49,54,50,25.62446619,93.18240298,6.762522087,Moderate
40,65,49,35.32876402,91.06138506,6.678449318,Poor
68,52,49,24.42561272,92.27749066,6.577192175,Moderate
50,46,52,31.18298415,90.21646909,6.734005648,Poor
65,63,50,31.88342554,91.3256535,6.524459342,Poor
40,49,47,42.93368602,91.1756748,6.501521192,Poor
42,53,48,23.11407669,94.31994776,6.758479569,Moderate
49,55,51,24.87212063,93.90560147,6.676578778,Moderate
59,62,49,43.36051537,93.35191636,6.941496806,Poor
63,58,47,26.83054058,90.75379971,6.864143752,Moderate
70,65,52,30.42012134,93.12659793,6.583528529,Poor
63,50,52,28.64555584,93.22642604,6.751747609,Moderate
40,64,47,32.50037548,93.47888842,6.893509446,Poor
63,58,50,43.03714283,94.6428898,6.720744449,Poor
45,58,49,30.10773379,90.34546355,6.827812549,Poor
66,69,47,23.69212243,93.61055571,6.912299695,Moderate
54,67,52,35.67667332,93.30641944,6.586107335,Poor
69,67,52,27.71948962,94.43877142,6.827305908,Moderate
67,68,49,35.26824831,92.38282957,6.821774589,Poor
45,57,47,23.16855863,90.78821158,6.656458831,Moderate
56,50,52,33.08706051,92.25197542,6.770384816,Poor
70,50,53,37.4620912,90.44967809,6.933809743,Poor
44,47,45,38.73218907,94.73613484,6.579441304,Poor
50,60,47,32.57720726,92.74889453,6.92791761,Poor
52,51,53,38.38231475,93.10378595,6.985804083,Poor
35,68,45,42.93605359,90.09448142,6.612429546,Poor
68,69,52,25.65492304,92.74501561,6.813383387,Moderate
32,55,52,37.58899717,91.99740365,6.9677596,Poor
32,55,51,29.60718808,93.15642801,6.57398033,Poor
48,62,47,25.34756111,93.02871078,6.803094965,Moderate
39,69,53,25.9300384,93.02357765,6.964955435,Poor
49,61,45,32.76795887,94.57377401,6.764213299,Moderate
48,57,54,29.02328049,90.20396783,6.617703178,Moderate
69,66,49,40.00439101,90.17015833,6.52711001,Poor
53,55,55,33.32315744,91.25271223,6.709668804,Poor
38,61,52,31.22790131,94.94021378,6.620729882,Poor
57,64,55,26.68386496,92.9585411,6.583760499,Moderate
51,57,55,24.70528368,90.14732171,6.676407337,Moderate
56,65,45,38.2016825,93.97379963,6.751298936,Moderate
54,66,52,36.56769731,93.79503425,6.867554147,Poor
58,55,47,26.05375792,93.69111672,6.742490027,Moderate
68,70,54,31.29986342,92.76039164,6.986228647,Poor
42,59,55,40.10207731,94.35110201,6.979102243,Poor
43,64,47,38.58954491,91.58076549,6.825664782,Poor
35,67,49,41.31330062,91.1508798,6.617066674,Poor
56,59,55,37.03551903,91.79430166,6.551892638,Poor
39,64,53,23.0124018,91.07355541,6.598860305,Moderate
3,72,24,36.51268371,57.92887167,6.03160778,Moderate
40,59,23,36.89163721,62.73178224,5.269084669,Poor
33,73,23,29.23540524,59.38967583,5.985792703,Moderate
27,57,24,27.33534897,43.35795962,6.09186275,Moderate
10,79,18,21.0643684,55.46985938,5.624731338,Moderate
30,75,25,30.33276599,42.35249879,6.446091759,Moderate
40,70,20,31.80130272,45.03186173,5.623490043,Moderate
38,55,19,33.18184225,38.23184742,5.864623352,Poor
35,58,20,29.38538562,63.47742011,5.761702519,Moderate
38,61,21,30.27374995,67.38680755,4.696518678,Poor
33,58,24,35.45790488,68.75810535,5.269504214,Poor
16,56,17,33.80020039,40.03262418,7.445444883,Moderate
31,72,17,28.69180475,49.47225353,5.833031708,Moderate
16,80,20,31.24021696,56.67369054,7.339320929,Moderate
27,72,17,28.98039357,57.23265151,6.347929353,Moderate
40,62,19,27.32198928,34.13737127,4.697750704,Poor
18,58,16,21.47607807,38.80023714,4.962661422,Poor
3,68,16,18.31910448,34.69776639,4.964887857,Poor
26,67,24,36.97794384,37.73992903,5.642813116,Poor
16,70,20,24.80467592,40.1242747,5.6093956,Moderate
24,63,19,19.3479443,55.96805489,4.681576043,Moderate
9,76,25,28.88302142,50.12323801,5.70951224,Moderate
16,55,19,19.54314136,47.19188279,6.413543781,Moderate
28,75,21,24.7741949,50.54621094,6.007508163,Moderate
16,71,24,18.33124824,38.40975482,4.946369874,Moderate
24,70,21,19.14729038,45.3733757,5.517208078,Moderate
38,72,21,28.23416057,49.4421345,5.902103172,Moderate
9,66,21,30.11812084,34.13307843,5.719889876,Poor
34,56,17,33.4126864,35.42910045,4.548202098,Poor
1,76,19,24.18553163,46.68746847,6.669529416,Moderate
6,69,19,26.88630675,41.69617915,4.750929218,Poor
26,73,21,31.33170829,57.97429171,4.946263888,Poor
27,61,18,33.30711818,67.07780816,5.266227032,Poor
27,71,23,23.45379018,46.48714759,7.10959773,Moderate
36,61,21,34.53823889,39.04468913,5.617008201,Poor
17,73,18,19.50112224,34.51086611,5.632353113,Moderate
26,72,22,28.76794904,37.57792132,4.674941549,Poor
17,64,16,30.97758716,32.24914235,7.161797643,Poor
14,74,19,18.39759147,36.82639309,6.624966131,Moderate
39,60,15,35.09357419,30.98685456,5.004074624,Poor
6,66,15,34.93174223,30.40046769,6.345806011,Poor
8,59,18,29.50523036,35.72032498,6.216814453,Moderate
2,67,18,34.51934775,47.52980027,5.921666758,Poor
1,76,17,28.43430726,52.10010827,6.012719118,Moderate
16,73,19,18.41645629,34.80541039,4.684079249,Poor
23,75,25,31.07508973,47.19847683,7.077170002,Moderate
32,70,20,20.89342749,46.24856523,6.208843215,Moderate
28,59,22,30.90607799,52.79913039,7.05181629,Moderate
5,62,23,27.9348279,66.45457122,4.722222454,Poor
36,67,25,35.95176642,36.52780776,6.418062652,Moderate
1,66,23,19.54317155,56.92831399,4.803564468,Moderate
24,73,20,19.63736208,32.31528909,4.608695247,Poor
17,67,18,31.2192752,56.46868874,5.611510977,Poor
5,55,18,33.50876355,45.70976142,7.322097972,Moderate
5,56,24,24.80710166,45.01110015,5.023115055,Moderate
37,77,17,36.20970524,31.94550613,5.617122801,Poor
13,73,20,30.50420876,35.48885969,5.391560418,Poor
6,63,23,26.01630259,49.94704718,5.906596905,Moderate
16,77,22,31.48469278,35.6395615,6.574209678,Poor
25,64,20,33.15122581,32.45974539,4.807776749,Poor
34,75,24,23.50222822,51.29019509,4.760038039,Moderate
20,77,23,34.87248659,38.83786012,5.180271502,Poor
35,80,25,28.09269012,44.93322042,4.895927306,Moderate
14,75,24,24.54757829,57.3414485,6.436160044,Moderate
36,80,21,33.64769646,48.41490082,7.066087261,Moderate
7,77,18,20.5591255,60.54880693,6.655918078,Moderate
29,78,25,19.95991719,59.33157782,5.982854523,Moderate
30,60,21,28.87667593,62.4901206,5.457871273,Poor
20,74,16,36.04353699,43.61444121,4.759490199,Poor
19,57,23,23.6734328,47.2879691,7.342409555,Moderate
3,60,19,25.74679443,40.7192594,4.820788186,Poor
5,77,19,31.08564994,66.68832981,6.242052013,Poor
5,68,20,18.72987676,61.33186249,5.001038726,Poor
37,73,21,29.50304807,63.46513414,5.560224583,Moderate
9,59,24,20.43517772,39.37252634,4.747352458,Moderate
20,72,15,36.00415838,56.01334416,7.313517308,Moderate
31,56,23,31.46846241,35.39454002,5.661826398,Moderate
0,70,21,36.30049702,56.03021253,4.672437054,Poor
21,74,15,29.49096726,67.10604388,6.471862118,Moderate
13,67,18,30.5753044,34.75591197,5.384762927,Poor
27,74,20,24.69487673,59.96669215,5.859813416,Moderate
29,72,24,23.17409556,36.67847052,6.962386495,Moderate
5,68,20,19.04380471,33.10695144,6.12166671,Moderate
39,57,19,29.32379604,45.93248374,6.421748487,Moderate
22,62,16,34.6455408,54.32342534,4.828936119,Poor
18,55,23,21.9989826,56.31006755,6.98571967,Moderate
39,77,21,22.99774444,60.24218572,4.603563116,Moderate
13,75,20,30.55992394,35.29006485,6.979540061,Poor
27,71,24,31.46417866,48.17631461,7.064973419,Moderate
26,64,22,25.95058595,40.58227261,5.16516459,Poor
23,55,16,21.01142393,69.69141302,5.111488821,Poor
4,69,19,19.25100056,47.70351758,5.374358869,Moderate
20,67,19,19.24462755,50.54495302,5.671419084,Moderate
7,74,17,22.47253208,62.56532471,5.667419697,Moderate
17,64,18,36.75087487,58.25799145,6.07938452,Moderate
35,71,17,29.89286629,66.35375127,6.931924963,Moderate
11,72,22,29.37735586,44.82294584,6.842744374,Moderate
20,60,22,29.65052947,42.89833235,6.876572503,Moderate
10,71,18,19.54284889,66.34777265,6.151029296,Moderate
33,61,24,20.04611791,48.93905624,4.567446499,Moderate
160,40,120,27.90909091,82.53095238,6.48,Poor
160,40,120,26.01818182,83.29493253,6.52,Poor
160,40,120,26.01818182,83.26558351,6.58,Poor
160,40,120,23.73636364,82.91124487,6.36,Moderate
160,40,120,27.65454545,82.39574887,6.46,Poor
160,40,120,23.73636364,83.04695165,6.6,Moderate
160,40,120,18.77818182,78.75505089,6.5,Moderate
160,40,120,23.73636364,82.87550197,6.44,Moderate
160,40,120,18.77818182,78.75505089,6.64,Moderate
160,40,120,27.90909091,82.54962274,6.32,Poor
160,40,120,23.73636364,82.96605828,6.52,Moderate
160,40,120,26.01818182,83.34681241,6.48,Poor
160,40,120,23.73636364,82.96455608,6.34,Moderate
160,40,120,23.73636364,83.01991878,6.64,Moderate
160,40,120,26.01818182,83.40877478,6.54,Poor
160,40,120,27.90909091,82.64743644,6.54,Poor
160,40,120,27.65454545,82.51223293,6.54,Poor
160,40,120,23.73636364,82.91217413,6.4,Moderate
160,40,120,27.65454545,82.36945954,6.5,Poor
160,40,120,26.01818182,83.25833658,6.6,Poor
160,40,120,27.65454545,82.30331447,6.68,Poor
160,40,120,23.73636364,83.01991878,6.62,Moderate
160,40,120,18.77818182,78.85015476,6.42,Moderate
160,40,120,27.90909091,82.49374303,6.62,Poor
2,24,38,24.55981624,91.63536236,5.922935513,Moderate
6,18,37,19.65690085,89.93701023,5.937649578,Moderate
8,26,36,18.78359608,87.4024767,6.804781106,Moderate
37,18,39,24.1469628,94.5110662,6.424670614,Moderate
0,27,38,22.44581266,89.90147027,6.738016221,Moderate
31,25,38,24.96273236,92.40501423,6.497366677,Moderate
21,21,38,22.5526059,89.3259486,6.327673765,Moderate
6,30,40,22.77035608,91.45498527,6.36137446,Moderate
25,27,41,19.20090378,94.27659596,6.923509371,Moderate
15,11,38,23.12808226,92.68328358,6.630646083,Moderate
14,5,36,24.92639065,85.19098079,5.832525853,Moderate
16,10,41,24.77464458,85.63608688,6.738993954,Moderate
36,7,37,19.8671184,86.35590206,5.782435567,Moderate
4,20,41,24.26601316,93.7974061,6.537042717,Moderate
29,22,40,23.62600218,89.73266695,6.145104401,Moderate
16,15,42,19.67832052,89.08935702,6.890784045,Moderate
18,27,41,22.36509395,92.30882391,7.175344328,Moderate
11,18,42,21.57936934,94.88267728,5.938528744,Moderate
5,15,38,18.26233221,88.16779129,5.709380472,Moderate
18,23,44,23.71028128,89.61794165,6.184400085,Moderate
9,8,40,22.48720144,89.9224883,6.553509673,Moderate
40,27,45,21.6602498,94.79397419,5.885638185,Moderate
22,23,44,20.13037175,89.31505137,6.143874691,Moderate
9,16,39,18.41164435,91.11927248,6.101198974,Moderate
12,29,40,19.68291173,89.75272999,6.594037135,Moderate
0,17,42,23.20242586,91.19442671,6.859840821,Moderate
2,21,44,18.92157197,87.31290342,6.56893406,Moderate
28,6,40,22.10621387,91.34039616,6.769855664,Moderate
8,23,44,18.47412402,89.68919664,7.130837931,Moderate
29,16,36,19.81069447,88.92944254,5.740338002,Moderate
17,18,43,24.4880844,90.83687246,5.843005428,Moderate
34,21,42,18.75927679,89.93457597,6.648687274,Moderate
21,23,42,19.54128063,90.29751796,6.902751061,Moderate
25,17,40,18.91251245,87.74938524,6.608023872,Moderate
8,25,36,19.91330523,94.95031368,6.828522375,Moderate
26,18,42,19.72620525,89.64934166,6.910374919,Moderate
4,19,42,23.83185873,87.84034604,6.306605528,Moderate
36,24,41,24.94467632,94.25702672,7.009180374,Moderate
5,24,40,24.692258,93.87030088,6.297907579,Moderate
19,17,39,24.72485577,85.56083187,6.728599215,Moderate
39,30,38,20.12644921,87.59629625,6.965156738,Moderate
5,29,44,21.02432943,93.0569505,5.578095745,Moderate
4,24,43,22.40423537,88.1508343,7.199504273,Moderate
38,21,35,20.33691147,89.38003827,5.841367187,Moderate
37,11,36,24.24779615,85.56033312,6.710143266,Moderate
9,25,41,24.81530144,91.90842992,5.972714857,Moderate
29,22,43,19.66329768,87.95158129,5.561851831,Moderate
5,21,38,22.43377991,90.3396556,6.107054808,Moderate
22,26,38,22.92052307,85.12912161,6.988035315,Moderate
4,18,37,22.91843172,85.40695044,7.13147457,Moderate
21,6,41,24.88244467,89.39686219,7.086947687,Moderate
29,21,45,23.40981539,93.13277,6.749260456,Moderate
23,5,44,21.20725375,94.26304717,7.16300467,Moderate
13,7,43,18.20230419,91.12282162,7.013481515,Moderate
5,13,37,22.34375696,89.7870345,5.648243649,Moderate
27,24,41,24.32770134,90.88292835,6.610251186,Moderate
7,23,35,19.75088482,88.71691157,7.054313823,Moderate
12,20,39,19.86173586,86.19740917,6.026999326,Moderate
4,19,43,18.07132963,93.14554876,5.779427402,Moderate
3,9,45,23.89162561,89.61850203,6.535244251,Moderate
1,27,36,23.98598756,93.34236582,5.684995235,Moderate
23,30,44,20.93892916,85.42912869,6.12476108,Moderate
24,21,42,20.82210727,87.22815682,6.999014379,Moderate
13,30,37,20.86474944,91.61793636,6.277148771,Moderate
40,11,44,24.45840036,86.10874614,6.322396027,Moderate
21,9,40,24.51147697,90.64498715,5.956401828,Poor
3,27,44,24.56811204,92.03009222,6.591302797,Moderate
40,29,42,24.63228709,89.01574455,7.104094929,Moderate
14,25,40,20.07386547,90.97819712,6.407872061,Moderate
38,14,37,21.80523051,94.63612858,6.658402594,Moderate
34,9,36,22.8122645,86.34233767,6.276038961,Moderate
32,14,37,22.73031253,88.48567856,6.825256236,Moderate
18,21,35,23.2801227,94.94330457,6.368560522,Moderate
8,23,38,19.30106297,87.1775172,7.005410734,Moderate
15,6,41,19.0087067,88.83768149,6.897368477,Moderate
0,5,36,24.35193812,90.88612388,6.152906502,Moderate
22,9,44,24.72235539,88.87651295,5.744361602,Poor
14,8,43,21.92513945,94.46485312,7.051654924,Moderate
31,11,45,24.83954414,86.88738076,6.034612928,Moderate
39,17,45,18.09691127,90.42177379,6.924490731,Moderate
10,5,42,20.24104904,91.08706822,6.887005997,Moderate
8,28,38,23.22594,94.42971362,6.8444019,Moderate
32,13,42,23.50128217,92.97527546,5.786058032,Moderate
18,9,40,19.44623085,89.02127045,5.627186257,Poor
20,27,41,20.51343484,92.51675903,5.700088663,Moderate
39,25,36,18.90223032,94.99897537,5.567805185,Moderate
20,7,45,18.90592319,89.24126808,6.077886012,Moderate
11,10,45,22.63045168,88.45577158,6.397995609,Moderate
40,18,43,19.38603815,86.79058496,5.767372539,Moderate
3,26,39,24.38318965,91.19431555,7.079973241,Moderate
9,16,36,23.77989026,92.93386903,5.893332378,Moderate
30,20,38,22.59890174,93.16343942,7.058222596,Moderate
40,9,41,24.37766782,85.4017118,5.78270695,Moderate
40,30,35,20.89273273,91.07776977,6.269663963,Good
32,25,35,18.09903225,85.70786282,5.892913826,Moderate
33,23,45,20.00218987,85.83618191,7.116538883,Moderate
4,14,41,19.85139326,89.80732335,6.430163481,Moderate
13,17,45,21.25433607,92.65058936,7.159520979,Moderate
39,24,39,23.65374106,93.32657504,6.431265737,Moderate
8,28,37,23.88404783,86.20613842,6.082571701,Moderate
180,60,90,29.18636364,81.54449837,5.08,Poor
180,60,90,28.64818182,81.62776643,5.1,Poor
180,60,90,28.64818182,80.96173371,4.9,Poor
180,60,90,22.676,84.95616561,4.92,Poor
180,60,90,23.73636364,81.56771321,4.94,Poor
180,60,90,28.03333333,81.54791214,5.12,Poor
180,60,90,28.54545455,80.58103033,4.82,Poor
180,60,90,10.38,67.75806184,5.04,Poor
180,60,90,29.18636364,80.52498548,4.88,Poor
180,60,90,29.03727273,81.56246362,5.06,Poor
180,60,90,23.56,78.81822569,5.16,Poor
180,60,90,29.95636364,82.07017195,5.18,Poor
180,60,90,29.03727273,81.0465715,4.98,Poor
180,60,90,22.38,80.57588659,5.06,Poor
180,60,90,29.95636364,82.06760344,5.08,Poor
180,60,90,28.50727273,81.63626442,5.08,Poor
180,60,90,27.86666667,81.25334621,4.98,Poor
180,60,90,22.676,85.80389125,5.12,Poor
180,60,90,15.5,67.71020478,5.0,Poor
180,60,90,26.43333333,81.43553976,5.1,Poor
180,60,90,28.54545455,81.11287515,4.92,Poor
180,60,90,29.03727273,80.51472668,4.86,Poor
180,60,90,22.676,85.80389125,5.04,Poor
180,60,90,28.64818182,80.58103033,4.82,Poor
180,60,90,26.73636364,82.04509701,5.1,Poor
180,60,90,29.18636364,81.35997284,5.0,Poor
180,60,90,28.54545455,81.11287515,4.94,Poor
180,60,90,29.95636364,82.0601063,5.06,Poor
180,60,90,29.95636364,81.39307274,4.9,Poor
180,60,90,4.9,67.71020478,5.02,Poor
180,60,90,25.81818182,82.56304722,5.04,Poor
180,60,90,25.66666667,81.40476027,4.86,Poor
180,60,90,28.64818182,80.58103033,4.84,Poor
180,60,90,29.18636364,81.02110911,4.94,Poor
180,60,90,28.50727273,80.58103033,4.84,Poor
180,60,90,28.64818182,81.63883292,5.16,Poor
180,60,90,27.65454545,81.63097271,5.1,Poor
180,60,90,22.19090909,82.20750402,5.08,Poor
180,60,90,4.9,67.71020478,4.88,Poor
180,60,90,25.81818182,82.58167094,5.18,Poor
180,60,90,28.64818182,81.62503459,5.12,Poor
180,60,90,22.676,85.80389125,5.16,Poor
180,60,90,27.65454545,81.11608143,4.96,Poor
180,60,90,14.6,66.34040698,5.06,Poor
180,60,90,26.01818182,82.52700411,5.18,Poor
180,60,90,29.95636364,81.54421418,4.98,Poor
180,60,90,14.6,66.28319121,4.98,Poor
180,60,90,27.65454545,81.62824087,5.14,Poor
180,60,90,22.676,85.80389125,5.14,Poor
180,60,90,22.676,85.57760672,5.0,Poor
180,60,90,28.50727273,81.6193609,5.04,Poor
180,60,90,27.65454545,80.6199578,4.88,Poor
180,60,90,29.03727273,81.0465715,4.96,Poor
180,60,90,26.51818182,81.68254844,4.94,Poor
180,60,90,26.73636364,81.53266842,4.92,Poor
180,60,90,4.9,67.71020478,4.98,Poor
180,60,90,28.64818182,81.6193609,5.04,Poor
180,60,90,26.43333333,81.27180771,5.0,Poor
180,60,90,29.03727273,80.51472668,4.82,Poor
180,60,90,23.73636364,82.06465232,5.02,Poor
180,60,90,22.38,79.45683642,4.86,Poor
180,60,90,29.03727273,81.55873095,5.12,Poor
180,60,90,28.64818182,81.45173889,5.0,Poor
180,60,90,22.28,78.16782179,4.84,Poor
180,60,90,29.03727273,81.57252927,5.18,Poor
180,60,90,18.58,66.51320652,4.88,Poor
180,60,90,22.6,81.66080242,4.92,Poor
180,60,90,23.106,84.66915882,5.08,Poor
180,60,90,28.54545455,81.11287515,4.98,Poor
180,60,90,27.65454545,81.45494516,5.0,Poor
180,60,90,25.83333333,78.0940707,4.84,Poor
180,60,90,22.6,82.17680109,5.12,Poor
180,60,90,22.03333333,81.15677134,4.88,Poor
180,60,90,28.50727273,81.62503459,5.12,Poor
180,60,90,22.6,81.12809018,4.86,Poor
180,60,90,22.6,82.17680109,5.14,Poor
180,60,90,29.18636364,81.53326855,5.12,Poor
180,60,90,26.01818182,82.51320579,5.12,Poor
180,60,90,22.676,84.72869784,4.9,Poor
180,60,90,29.18636364,81.52759485,5.02,Poor
180,60,90,29.18636364,81.54706687,5.18,Poor
180,60,90,4.9,67.71020478,4.84,Poor
180,60,90,28.54545455,81.62776643,5.1,Poor
180,60,90,29.95636364,81.88307791,5.0,Poor
180,60,90,29.03727273,81.55305725,5.02,Poor
180,60,90,22.676,84.25160134,4.86,Poor
180,60,90,23.73636364,81.07874076,4.88,Poor
180,60,90,4.9,67.71020478,4.92,Poor
180,60,90,21.3,80.69624764,4.96,Poor
180,60,90,24.59818182,81.79729837,4.9,Poor
180,60,90,23.73636364,81.56771321,4.96,Poor
180,60,90,26.51818182,82.19497703,5.1,Poor
180,60,90,28.54545455,80.96173371,4.9,Poor
180,60,90,28.50727273,81.63883292,5.16,Poor
180,60,90,25.81818182,82.01529161,4.96,Poor
180,60,90,4.9,67.76742056,5.18,Poor
180,60,90,20.70909091,69.04908717,4.92,Poor
180,60,90,23.56,78.24789631,4.98,Poor
180,60,90,28.54545455,81.45173889,5.0,Poor
180,60,90,29.18636364,80.48926428,4.86,Poor
180,60,90,28.54545455,80.58103033,4.86,Poor
180,60,90,29.03727273,81.38543524,5.0,Poor
180,60,90,28.54545455,81.63883292,5.16,Poor
180,60,90,23.73636364,81.41657177,4.9,Poor
180,60,90,18.58,66.51320652,4.98,Poor
180,60,90,22.28,78.16782179,4.86,Poor
180,60,90,22.89090909,82.15956221,5.02,Poor
180,60,90,22.89090909,82.15956221,5.04,Poor
180,60,90,28.54545455,81.62876727,5.06,Poor
180,60,90,26.43333333,81.44403774,5.06,Poor
180,60,90,25.66666667,82.51017961,5.08,Poor
180,60,90,33.58333333,87.07728214,4.92,Poor
180,60,90,14.6,66.34040698,5.1,Poor
180,60,90,4.9,67.76742056,5.12,Poor
180,60,90,28.54545455,81.63883292,5.18,Poor
180,60,90,28.64818182,81.62503459,5.14,Poor
180,60,90,22.89090909,82.1924201,5.18,Poor
180,60,90,15.5,67.71020478,4.98,Poor
180,60,90,28.54545455,81.63626442,5.08,Poor
180,60,90,29.03727273,81.55305725,5.04,Poor
180,60,90,25.81818182,81.86415017,4.9,Poor
180,60,90,22.28,78.64216044,4.94,Poor
180,60,90,26.73636364,82.04236517,5.12,Poor
180,60,90,23.73636364,82.06465232,5.04,Poor
180,60,90,22.676,84.95616561,4.94,Poor
180,60,90,22.03333333,82.17540297,5.06,Poor
180,60,90,23.56,78.81822569,5.1,Poor
180,60,90,23.73636364,81.56771321,4.98,Poor
180,60,90,28.64818182,81.63626442,5.08,Poor
180,60,90,23.73636364,81.8970303,5.0,Poor
180,60,90,23.56,77.84445368,4.88,Poor
180,60,90,22.89090909,81.66262311,4.94,Poor
180,60,90,22.676,85.80389125,5.06,Poor
180,60,90,25.81818182,82.58201249,5.06,Poor
180,60,90,22.28,78.20354298,4.88,Poor
180,60,90,23.56,78.81822569,5.14,Poor
180,60,90,22.28,78.64216044,4.96,Poor
180,60,90,28.50727273,80.58103033,4.86,Poor
180,60,90,18.77818182,67.94959478,4.84,Poor
180,60,90,14.6,66.28319121,4.82,Poor
180,60,90,18.58,66.51320652,5.02,Poor
180,60,90,23.73636364,81.04301957,4.84,Poor
180,60,90,25.81818182,81.50932522,4.88,Poor
180,60,90,25.81818182,82.01529161,4.94,Poor
180,60,90,29.03727273,80.51472668,4.84,Poor
180,60,90,28.50727273,81.62503459,5.14,Poor
180,60,90,28.50727273,81.11287515,4.94,Poor
180,60,90,28.64818182,80.58103033,4.86,Poor
180,60,90,18.58,66.51320652,5.08,Poor
180,60,90,28.64818182,81.11287515,4.98,Poor
180,60,90,28.50727273,81.6193609,5.02,Poor
180,60,90,10.38,67.70084607,4.92,Poor
180,60,90,29.03727273,81.56146279,5.1,Poor
180,60,90,26.73636364,82.0640022,5.08,Poor
180,60,90,29.95636364,82.05910546,5.1,Poor
180,60,90,26.01818182,81.97291595,4.92,Poor
180,60,90,26.51818182,82.02935668,5.0,Poor
180,60,90,23.56,78.81447711,5.04,Poor
180,60,90,29.03727273,81.55873095,5.14,Poor
180,60,90,25.83333333,78.1297919,4.88,Poor
180,60,90,18.92,64.65937117,4.92,Poor
180,60,90,33.58333333,87.91438555,5.06,Poor
180,60,90,10.38,67.70084607,5.0,Poor
180,60,90,25.81818182,82.56304722,5.02,Poor
180,60,90,4.9,67.76742056,5.1,Poor
180,60,90,18.58,66.51320652,5.16,Poor
180,60,90,28.99454545,81.08255076,4.98,Poor
180,60,90,26.73636364,82.04236517,5.14,Poor
180,60,90,22.19090909,81.6783663,4.94,Poor
180,60,90,21.482,85.61204201,5.16,Poor
180,60,90,22.676,85.80389125,5.1,Poor
180,60,90,29.03727273,81.0465715,4.92,Poor
180,60,90,26.73636364,82.05616349,5.16,Poor
180,60,90,23.73636364,82.08702461,5.16,Poor
180,60,90,18.77818182,67.94959478,5.0,Poor
180,60,90,33.58333333,87.91438555,5.04,Poor
180,60,90,26.73636364,81.38152698,4.9,Poor
180,60,90,25.81818182,82.58950964,5.08,Poor
180,60,90,22.89090909,81.12991086,4.82,Poor
180,60,90,25.66666667,81.44048146,4.88,Poor
180,60,90,22.676,85.80389125,5.08,Poor
180,60,90,15.5,67.71020478,4.86,Poor
180,60,90,23.106,84.66915882,5.02,Poor
180,60,90,15.5,67.71020478,4.96,Poor
180,60,90,29.18636364,81.52759485,5.04,Poor
180,60,90,18.77818182,67.94959478,4.94,Poor
180,60,90,26.01818182,81.82177451,4.9,Poor
180,60,90,29.18636364,81.53600039,5.1,Poor
180,60,90,26.51818182,81.68254844,4.92,Poor
180,60,90,29.03727273,81.0465715,4.94,Poor
180,60,90,18.58,66.51320652,4.86,Poor
180,60,90,29.03727273,81.56996077,5.08,Poor
180,60,90,26.73636364,81.00595991,4.86,Poor
180,60,90,26.64666667,80.87567564,4.88,Poor
180,60,90,15.5,67.71020478,4.84,Poor
180,60,90,19.94545455,67.46662165,5.16,Poor
180,60,90,22.03333333,81.12105015,4.86,Poor
180,60,90,25.83333333,79.13083359,5.16,Poor
180,60,90,26.73636364,82.05616349,5.18,Poor
180,60,90,26.43333333,80.40211182,4.82,Poor
180,60,90,22.676,84.25160134,4.84,Poor
180,60,90,26.73636364,81.53266842,4.98,Poor
180,60,90,14.7,67.71020478,4.92,Poor
180,60,90,18.92,64.65937117,4.88,Poor
180,60,90,29.95636364,81.04809055,4.88,Poor
180,60,90,22.6,81.99011952,5.0,Poor
180,60,90,28.64818182,81.11287515,4.94,Poor
180,60,90,18.77818182,68.00681055,5.04,Poor
180,60,90,14.7,67.76742056,5.04,Poor
180,60,90,29.95636364,81.54421418,4.96,Poor
180,60,90,25.66666667,81.40476027,4.84,Poor
180,60,90,28.64818182,80.61675152,4.88,Poor
180,60,90,4.9,67.76742056,5.16,Poor
180,60,90,18.58,66.51320652,4.92,Poor
180,60,90,23.73636364,82.07595812,5.1,Poor
180,60,90,14.6,66.34040698,5.16,Poor
180,60,90,26.64666667,81.87253884,5.14,Poor
180,60,90,18.58,66.51320652,4.84,Poor
180,60,90,10.38,67.75806184,5.06,Poor
180,60,90,23.73636364,81.56771321,4.92,Poor
180,60,90,27.65454545,81.62256717,5.04,Poor
180,60,90,21.3,81.19906427,5.02,Poor
180,60,90,25.81818182,82.56787261,5.12,Poor
180,60,90,28.64818182,81.63883292,5.18,Poor
180,60,90,22.676,84.28732254,4.88,Poor
180,60,90,28.54545455,81.62503459,5.12,Poor
180,60,90,14.6,66.34040698,5.04,Poor
180,60,90,22.676,84.95616561,4.96,Poor
180,60,90,22.28,79.04216901,5.0,Poor
180,60,90,25.83333333,79.13083359,5.14,Poor
180,60,90,18.58,66.51320652,4.96,Poor
180,60,90,27.86666667,81.25334621,4.92,Poor
180,60,90,22.676,84.25160134,4.82,Poor
180,60,90,28.50727273,81.11287515,4.92,Poor
180,60,90,28.50727273,81.62776643,5.1,Poor
180,60,90,10.38,67.70084607,4.88,Poor
180,60,90,22.6,81.12809018,4.84,Poor
180,60,90,25.66666667,82.49127442,5.1,Poor
180,60,90,24.59818182,82.50770136,5.1,Poor
180,60,90,28.08181818,81.0357527,4.92,Poor
180,60,90,23.56,78.24789631,4.94,Poor
180,60,90,22.6,81.66080242,4.94,Poor
180,60,90,29.18636364,81.02110911,4.98,Poor
180,60,90,25.81818182,82.58167094,5.16,Poor
180,60,90,22.38,80.57588659,5.14,Poor
180,60,90,29.18636364,81.02110911,4.92,Poor
180,60,90,15.5,67.76742056,5.14,Poor
180,60,90,26.01818182,81.43146039,4.84,Poor
180,60,90,28.64818182,81.11287515,4.96,Poor
180,60,90,26.73636364,81.87947667,5.0,Poor
180,60,90,19.94545455,67.39695527,4.96,Poor
180,60,90,26.73636364,81.04168111,4.88,Poor
180,60,90,29.18636364,81.02110911,4.96,Poor
180,60,90,4.9,67.76742056,5.08,Poor
180,60,90,22.03333333,81.65376239,4.96,Poor
180,60,90,24.59818182,81.42098707,4.82,Poor
180,60,90,24.59818182,82.5191094,5.06,Poor
180,60,90,23.73636364,81.04301957,4.86,Poor
180,60,90,4.9,67.71020478,5.0,Poor
180,60,90,29.95636364,82.05069993,5.02,Poor
180,60,90,23.73636364,82.07322628,5.12,Poor
180,60,90,23.56,78.81822569,5.18,Poor
180,60,90,23.73636364,82.07322628,5.14,Poor
180,60,90,18.58,66.51320652,5.18,Poor
180,60,90,22.70909091,86.05817428,5.1,Poor
180,60,90,28.54545455,81.11287515,4.96,Poor
180,60,90,28.64818182,81.11287515,4.92,Poor
180,60,90,22.89090909,81.66262311,4.92,Poor
180,60,90,22.70909091,84.7147014,4.82,Poor
180,60,90,22.38,79.99134233,4.94,Poor
180,60,90,10.38,67.70084607,4.94,Poor
180,60,90,28.08181818,81.54223845,5.04,Poor
180,60,90,22.19090909,81.6783663,4.92,Poor
180,60,90,27.65454545,81.63947069,5.08,Poor
180,60,90,10.38,67.70084607,5.02,Poor
180,60,90,29.18636364,80.48926428,4.82,Poor
180,60,90,26.51818182,81.68254844,4.98,Poor
180,60,90,27.65454545,81.11608143,4.98,Poor
180,60,90,26.51818182,81.531407,4.9,Poor
180,60,90,33.58333333,86.38257723,4.82,Poor
180,60,90,14.6,66.28319121,5.0,Poor
180,60,90,4.9,67.76742056,5.14,Poor
180,60,90,19.94545455,67.46662165,5.18,Poor
180,60,90,29.18636364,80.48926428,4.84,Poor
180,60,90,28.54545455,81.6193609,5.04,Poor
180,60,90,28.03333333,80.88461126,4.9,Poor
180,60,90,26.51818182,82.1969787,5.02,Poor
180,60,90,18.77818182,68.00681055,5.16,Poor
180,60,90,27.86666667,80.72150138,4.86,Poor
180,60,90,27.65454545,80.5842366,4.82,Poor
180,60,90,18.92,64.65937117,4.82,Poor
180,60,90,23.106,84.66915882,5.12,Poor
180,60,90,22.89090909,81.16563206,4.88,Poor
180,60,90,23.106,84.44287428,5.0,Poor
180,60,90,23.14,85.98849907,5.08,Poor
180,60,90,28.54545455,80.58103033,4.84,Poor
180,60,90,28.08181818,81.56171047,5.18,Poor
180,60,90,14.6,66.28319121,4.94,Poor
180,60,90,20.70909091,69.04908717,4.88,Poor
180,60,90,22.38,80.57588659,5.12,Poor
180,60,90,22.03333333,82.17249291,5.1,Poor
180,60,90,14.6,66.28319121,4.96,Poor
180,60,90,23.106,84.66915882,5.06,Poor
180,60,90,28.99454545,81.08255076,4.94,Poor
180,60,90,15.5,67.76742056,5.12,Poor
180,60,90,22.676,84.95616561,4.98,Poor
180,60,90,23.73636364,82.08702461,5.18,Poor
180,60,90,22.676,85.80389125,5.18,Poor
180,60,90,26.51818182,81.15583993,4.82,Poor
180,60,90,29.95636364,82.05637362,5.14,Poor
180,60,90,28.64818182,81.62876727,5.06,Poor
180,60,90,22.03333333,82.16976106,5.12,Poor
180,60,90,26.51818182,81.19156112,4.88,Poor
180,60,90,21.3,81.20480046,5.12,Poor
180,60,90,25.66666667,81.932213,4.96,Poor
180,60,90,26.73636364,81.00595991,4.84,Poor
180,60,90,26.01818182,81.43146039,4.86,Poor
180,60,90,29.95636364,81.54421418,4.92,Poor
180,60,90,21.3,80.5451062,4.9,Poor
180,60,90,22.03333333,82.18355939,5.18,Poor
180,60,90,29.18636364,81.53326855,5.14,Poor
180,60,90,28.50727273,81.11287515,4.96,Poor
180,60,90,18.58,66.51320652,5.1,Poor
180,60,90,25.81818182,81.47360403,4.84,Poor
180,60,90,22.70909091,86.05817428,5.12,Poor
180,60,90,28.54545455,81.6193609,5.02,Poor
180,60,90,10.38,67.70084607,4.84,Poor
180,60,90,20.70909091,69.04908717,4.9,Poor
180,60,90,22.28,78.64216044,4.92,Poor
180,60,90,20.70909091,69.04908717,4.94,Poor
180,60,90,23.73636364,82.09486331,5.08,Poor
180,60,90,26.43333333,81.44403774,5.08,Poor
180,60,90,22.19090909,81.6783663,4.96,Poor
180,60,90,25.81818182,82.56787261,5.14,Poor
180,60,90,4.9,67.76742056,5.06,Poor
180,60,90,23.56,77.80873248,4.82,Poor
180,60,90,22.6,82.19059941,5.18,Poor
180,60,90,22.19090909,82.19709681,5.1,Poor
180,60,90,25.81818182,82.39542521,5.0,Poor
180,60,90,20.70909091,69.04908717,4.98,Poor
180,60,90,22.89090909,82.18135362,5.1,Poor
180,60,90,28.03333333,81.0357527,4.98,Poor
180,60,90,19.94545455,67.39695527,4.92,Poor
180,60,90,29.95636364,81.54421418,4.94,Poor
180,60,90,4.9,67.71020478,4.96,Poor
180,60,90,21.3,80.2107973,4.88,Poor
180,60,90,22.38,80.57588659,5.18,Poor
180,60,90,18.77818182,67.94959478,4.9,Poor
180,60,90,29.03727273,80.89543006,4.9,Poor
180,60,90,26.51818182,82.20638507,5.06,Poor
180,60,90,26.43333333,80.92499947,4.96,Poor
180,60,90,25.66666667,82.48854258,5.12,Poor
180,60,90,29.03727273,80.55044787,4.88,Poor
180,60,90,18.92,64.65937117,5.1,Poor
180,60,90,27.65454545,81.62824087,5.12,Poor
180,60,90,26.64666667,81.36284209,4.94,Poor
180,60,90,33.58333333,87.90966609,5.18,Poor
180,60,90,4.9,67.71020478,4.86,Poor
180,60,90,23.56,78.24789631,4.92,Poor
180,60,90,26.51818182,82.21388221,5.08,Poor
180,60,90,23.56,78.81822569,5.06,Poor
180,60,90,22.676,85.80389125,5.02,Poor
180,60,90,29.18636364,80.86996767,4.9,Poor
180,60,90,28.08181818,81.0357527,4.98,Poor
180,60,90,27.86666667,81.77930397,5.16,Poor
180,60,90,23.56,78.81822569,5.12,Poor
180,60,90,19.94545455,67.46662165,5.06,Poor
180,60,90,22.6,82.18994014,5.08,Poor
180,60,90,15.61818182,67.76742056,5.12,Poor
180,60,90,28.03333333,80.53962907,4.88,Poor
180,60,90,28.50727273,80.96173371,4.9,Poor
180,60,90,21.3,81.22276439,5.16,Poor
180,60,90,29.18636364,81.54706687,5.16,Poor
180,60,90,22.19090909,82.20816329,5.18,Poor
180,60,90,26.51818182,81.15583993,4.86,Poor
180,60,90,28.03333333,81.55164482,5.06,Poor
180,60,90,33.58333333,86.85683208,4.9,Poor
180,60,90,18.77818182,67.94959478,5.02,Poor
180,60,90,24.60909091,82.49639556,5.04,Poor
180,60,90,4.9,67.71020478,4.9,Poor
180,60,90,18.58,66.51320652,5.06,Poor
180,60,90,18.92,64.65937117,4.9,Poor
180,60,90,28.03333333,81.0357527,4.94,Poor
180,60,90,28.03333333,80.50390788,4.84,Poor
180,60,90,28.54545455,81.62503459,5.14,Poor
180,60,90,22.38,80.5701504,5.02,Poor
180,60,90,28.50727273,81.63883292,5.18,Poor
180,60,90,26.64666667,80.83995445,4.86,Poor
180,60,90,22.19090909,81.14565405,4.82,Poor
180,60,90,25.81818182,82.01529161,4.92,Poor
180,60,90,25.66666667,81.40476027,4.82,Poor
180,60,90,26.73636364,82.04709868,5.02,Poor
180,60,90,26.01818182,81.97291595,4.98,Poor
180,60,90,22.89090909,82.19176083,5.08,Poor
180,60,90,22.89090909,82.17862178,5.14,Poor
180,60,90,24.60909091,81.42098707,4.82,Poor
180,60,90,25.81818182,82.01529161,4.98,Poor
180,60,90,28.50727273,80.61675152,4.88,Poor
180,60,90,23.73636364,82.08736616,5.06,Poor
180,60,90,24.59818182,82.50496952,5.14,Poor
180,60,90,29.95636364,82.05069993,5.04,Poor
180,60,90,28.50727273,81.11287515,4.98,Poor
180,60,90,22.6,82.18244299,5.06,Poor
180,60,90,28.99454545,81.60850853,5.16,Poor
180,60,90,14.7,67.76742056,5.12,Poor
180,60,90,28.54545455,80.61675152,4.88,Poor
180,60,90,22.38,79.45683642,4.84,Poor
180,60,90,22.19090909,82.0076834,5.0,Poor
180,60,90,18.58,66.51320652,5.0,Poor
180,60,90,25.83333333,79.13083359,5.06,Poor
180,60,90,27.86666667,80.72150138,4.84,Poor
180,60,90,29.95636364,81.01236935,4.86,Poor
180,60,90,21.3,81.20480046,5.14,Poor
180,60,90,22.03333333,82.1507015,5.04,Poor
180,60,90,22.89090909,81.9919402,5.0,Poor
180,60,90,28.99454545,81.4214145,5.0,Poor
180,60,90,29.95636364,81.01236935,4.82,Poor
180,60,90,29.03727273,81.57252927,5.16,Poor
180,60,90,28.08181818,81.0357527,4.96,Poor
180,60,90,18.58,66.51320652,4.94,Poor
180,60,90,22.19090909,81.18137525,4.88,Poor
180,60,90,26.43333333,80.92499947,4.98,Poor
180,60,90,27.86666667,81.75983195,5.04,Poor
180,60,90,22.6,82.15774153,5.04,Poor
180,60,90,22.28,79.19617649,5.16,Poor
180,60,90,4.9,67.71020478,4.82,Poor
180,60,90,28.08181818,80.53962907,4.88,Poor
180,60,90,23.14,84.68074739,4.88,Poor
180,60,90,22.19090909,82.19436497,5.12,Poor
180,60,90,23.56,77.80873248,4.86,Poor
180,60,90,28.08181818,81.0357527,4.94,Poor
180,60,90,22.38,79.80852761,4.9,Poor
180,60,90,14.7,67.71020478,4.82,Poor
180,60,90,18.77818182,68.00681055,5.14,Poor
180,60,90,23.56,78.64790488,5.0,Poor
180,60,90,18.58,66.51320652,4.9,Poor
180,60,90,26.73636364,81.53266842,4.96,Poor
180,60,90,21.3,80.69624764,4.92,Poor
180,60,90,28.08181818,81.54791214,5.14,Poor
180,60,90,19.94545455,67.46662165,5.14,Poor
180,60,90,26.73636364,81.00595991,4.82,Poor
180,60,90,25.66666667,82.5023409,5.18,Poor
180,60,90,21.3,80.69624764,4.94,Poor
180,60,90,23.56,78.11879036,4.9,Poor
180,60,90,23.106,83.5939654,4.9,Poor
180,60,90,33.58333333,86.38257723,4.84,Poor
180,60,90,25.66666667,82.3123466,5.0,Poor
180,60,90,10.38,67.70084607,4.86,Poor
180,60,90,27.86666667,80.75722258,4.88,Poor
180,60,90,24.60909091,81.94843981,4.96,Poor
180,60,90,22.28,79.19617649,5.06,Poor
180,60,90,26.43333333,80.43783302,4.88,Poor
180,60,90,22.38,80.5701504,5.04,Poor
180,60,90,28.64818182,81.6193609,5.02,Poor
180,60,90,23.14,85.98849907,5.14,Poor
180,60,90,14.7,67.71020478,4.98,Poor
180,60,90,26.73636364,81.53266842,4.94,Poor
180,60,90,26.51818182,82.20604351,5.16,Poor
180,60,90,23.73636364,81.04301957,4.82,Poor
180,60,90,28.50727273,81.45173889,5.0,Poor
180,60,90,28.08181818,81.54223845,5.02,Poor
80,50,30,27.65454545,83.03083222,5.42,Poor
80,50,30,27.65454545,84.79468926,5.58,Moderate
80,50,30,27.65454545,83.53912072,5.52,Moderate
80,50,30,27.65454545,84.66368018,5.64,Moderate
80,50,30,27.65454545,83.27433816,5.5,Moderate
80,50,30,27.65454545,83.26497922,5.34,Poor
80,50,30,27.65454545,84.62908438,5.68,Moderate
25,100,50,27.65454545,90.21815534,6.06,Poor
25,100,50,27.65454545,90.25212305,5.86,Poor
25,100,50,27.65454545,90.26055877,5.98,Poor
25,100,50,26.01818182,90.30647788,5.82,Poor
25,100,50,26.01818182,89.97943474,6.1,Poor
25,100,50,27.65454545,89.92318843,6.12,Poor
25,100,50,27.65454545,90.06783067,6.08,Poor
25,100,50,26.01818182,90.28899984,5.96,Poor
25,100,50,26.01818182,90.30501303,5.84,Poor
25,100,50,26.01818182,90.23644918,6.06,Poor
25,100,50,26.01818182,90.31967822,5.92,Poor
50,40,20,29.26666667,85.76219184,5.62,Moderate
50,40,20,22.6,82.56669027,5.4,Moderate
50,40,20,33.58333333,79.06186919,5.5,Moderate
50,40,20,26.36666667,83.658446,5.36,Moderate
50,40,20,29.26666667,85.30717019,5.54,Moderate
50,40,20,30.43,78.88526665,5.66,Moderate
50,40,20,25.46,86.00124859,5.62,Moderate
50,40,20,25.46,83.38839817,5.38,Moderate
50,40,20,25.66666667,83.45693109,5.44,Moderate
50,40,20,29.26666667,85.75100079,5.64,Moderate
50,40,20,33.58333333,79.42866941,5.46,Poor
50,40,20,22.676,56.19585727,5.42,Moderate
50,40,20,26.43333333,86.89939301,5.66,Moderate
50,40,20,22.6,82.6157777,5.36,Moderate
50,40,20,22.6,85.04978775,5.62,Moderate
50,40,20,33.58333333,78.44481072,5.68,Moderate
50,40,20,22.6,85.0466552,5.6,Moderate
50,40,20,26.43333333,83.89277144,5.44,Moderate
50,40,20,28.5,84.6892404,5.52,Moderate
50,40,20,28.5,83.33842841,5.36,Moderate
50,40,20,21.3,83.29029325,5.54,Moderate
50,40,20,25.66666667,86.19575825,5.64,Moderate
50,40,20,27.31666667,83.68185034,5.46,Moderate
50,40,20,30.61666667,79.10428874,5.46,Poor
50,40,20,25.66666667,83.59199458,5.36,Moderate
50,40,20,29.95636364,79.82026124,5.54,Moderate
50,40,20,28.5,83.20336492,5.42,Moderate
50,40,20,25.46,83.19012676,5.32,Moderate
50,40,20,27.0,83.52607549,5.38,Moderate
50,40,20,33.58333333,79.42866941,5.42,Poor
50,40,20,26.36666667,86.30091027,5.64,Moderate
50,40,20,29.56666667,85.31685848,5.54,Moderate
50,40,20,22.6,83.4593633,5.52,Moderate
50,40,20,28.68,85.16322151,5.54,Moderate
50,40,20,29.56666667,83.48657269,5.48,Moderate
50,40,20,25.66666667,84.10875395,5.5,Moderate
50,40,20,29.26666667,84.59889751,5.52,Moderate
50,40,20,21.3,84.23790883,5.64,Moderate
50,40,20,22.676,56.56194207,5.32,Moderate
50,40,20,33.58333333,79.53032927,5.32,Poor
50,40,20,29.56666667,84.60858579,5.52,Moderate
50,40,20,28.5,86.34809633,5.58,Moderate
50,40,20,21.3,84.24386304,5.6,Moderate
50,40,20,23.56,84.42349241,5.6,Moderate
50,40,20,28.68,83.09851956,5.38,Moderate
50,40,20,29.56666667,83.93470834,5.5,Moderate
50,40,20,28.03333333,86.17384525,5.64,Moderate
50,40,20,23.56,82.59398028,5.52,Moderate
50,40,20,33.58333333,79.53374948,5.36,Poor
50,40,20,25.83333333,82.34649179,5.36,Moderate
50,40,20,25.83333333,82.24782526,5.4,Moderate
50,40,20,26.36666667,83.52338251,5.44,Moderate
50,40,20,29.56666667,86.18172237,5.68,Moderate
50,40,20,28.5,83.33842841,5.38,Moderate
50,40,20,25.83333333,85.58472748,5.66,Moderate
50,40,20,28.5,86.38844254,5.68,Moderate
50,40,20,25.574,57.79875572,5.34,Moderate
50,40,20,26.36666667,83.46017459,5.32,Moderate
50,40,20,25.66666667,83.39372317,5.32,Moderate
50,40,20,23.56,81.47935394,5.48,Moderate
50,40,20,29.26666667,83.47688441,5.48,Moderate
50,40,20,30.43,79.27620672,5.32,Poor
50,40,20,29.26666667,85.76640255,5.66,Moderate
50,40,20,22.6,82.41750629,5.34,Moderate
50,40,20,28.5,83.24097018,5.4,Moderate
50,40,20,23.56,81.43987237,5.36,Moderate
50,40,20,29.26666667,83.11901401,5.44,Moderate
50,40,20,28.03333333,83.44674888,5.4,Moderate
50,40,20,23.56,84.45676955,5.66,Moderate
50,40,20,33.58333333,79.44510513,5.4,Poor
50,40,20,25.66666667,86.22536113,5.6,Moderate
50,40,20,23.56,81.10168622,5.44,Moderate
50,40,20,28.68,83.47904203,5.46,Moderate
50,40,20,26.36666667,86.33512363,5.66,Moderate
50,40,20,22.6,85.06767029,5.56,Moderate
50,40,20,30.61666667,79.25588327,5.38,Poor
50,40,20,22.6,85.27356402,5.58,Moderate
50,40,20,33.58333333,79.52083586,5.56,Moderate
50,40,20,25.83333333,85.7004225,5.68,Moderate
50,40,20,22.6,82.54129824,5.46,Moderate
50,40,20,21.3,84.54507697,5.68,Moderate
50,40,20,25.46,83.29093995,5.4,Moderate
50,40,20,26.36666667,86.30999702,5.62,Moderate
50,40,20,25.83333333,82.14822038,5.32,Moderate
50,40,20,21.3,84.24699558,5.62,Moderate
50,40,20,30.61666667,78.92987864,5.6,Moderate
50,40,20,25.66666667,85.48952651,5.54,Moderate
50,40,20,30.26666667,55.4362681,5.5,Moderate
50,40,20,30.61666667,78.94898859,5.48,Poor
50,40,20,25.46,86.36537783,5.58,Moderate
50,40,20,30.61666667,78.18430442,5.68,Moderate
50,40,20,28.68,86.01835138,5.58,Moderate
50,40,20,25.574,57.80792924,5.38,Moderate
50,40,20,33.58333333,79.2919832,5.48,Poor
50,40,20,30.26666667,56.04179378,5.38,Moderate
50,40,20,22.6,82.41750629,5.32,Moderate
50,40,20,29.56666667,85.77855591,5.66,Moderate
50,40,20,23.56,81.91431893,5.5,Moderate
50,40,20,27.65454545,83.65773237,5.38,Moderate
50,40,20,29.56666667,86.17468829,5.58,Moderate
50,40,20,30.26666667,55.69734295,5.54,Moderate
50,40,20,30.43,79.14205679,5.4,Poor
50,40,20,28.5,85.40071495,5.54,Moderate
50,40,20,23.56,84.58358906,5.58,Moderate
50,40,20,25.83333333,82.21021999,5.44,Moderate
50,40,20,22.676,56.52602964,5.34,Moderate
50,40,20,29.26666667,83.2516621,5.38,Moderate
50,40,20,30.61666667,79.10428874,5.42,Poor
50,40,20,33.58333333,79.53374948,5.38,Poor
50,40,20,28.5,84.01536294,5.5,Moderate
50,40,20,30.26666667,55.71344264,5.6,Moderate
50,40,20,28.33333333,86.1652054,5.56,Moderate
50,40,20,27.65454545,86.50541047,5.58,Moderate
50,40,20,28.33333333,83.42158636,5.38,Moderate
50,40,20,25.66666667,84.74662494,5.52,Moderate
50,40,20,21.3,84.44778532,5.58,Moderate
50,40,20,28.5,85.95119728,5.66,Moderate
50,40,20,33.58333333,79.21231678,5.66,Moderate
50,40,20,27.65454545,83.45201216,5.32,Moderate
50,40,20,29.18636364,83.11901401,5.44,Moderate
50,40,20,26.36666667,84.15342276,5.5,Moderate
50,40,20,28.68,82.96587147,5.44,Moderate
50,40,20,30.61666667,79.02403964,5.54,Moderate
50,40,20,22.6,82.6157777,5.38,Moderate
50,40,20,22.03333333,82.41750629,5.34,Moderate
50,40,20,28.5,85.9484207,5.62,Moderate
50,40,20,22.6,82.27879986,5.42,Moderate
50,40,20,30.43,79.00767139,5.54,Moderate
50,40,20,28.68,82.89279935,5.32,Moderate
50,40,20,28.03333333,83.54420711,5.36,Moderate
50,40,20,33.58333333,79.28153167,5.6,Moderate
50,40,20,27.65454545,83.80670024,5.46,Moderate
50,40,20,25.46,86.030171,5.66,Moderate
50,40,20,29.56666667,83.12870229,5.44,Moderate
50,40,20,22.03333333,82.27879986,5.42,Moderate
50,40,20,21.3,81.85296855,5.5,Moderate
50,40,20,26.36666667,83.658446,5.38,Moderate
50,40,20,28.5,85.93933395,5.64,Moderate
50,40,20,28.03333333,84.81389867,5.52,Moderate
50,40,20,25.66666667,83.56412931,5.48,Moderate
50,40,20,28.5,85.96893683,5.6,Moderate
50,40,20,25.76,55.60019496,5.52,Moderate
50,40,20,25.574,57.80541224,5.36,Moderate
50,40,20,28.22333333,82.24345161,5.4,Moderate
50,40,20,25.66666667,86.2299716,5.66,Moderate
50,40,20,34.01,78.46657888,5.68,Moderate
50,40,20,22.6,85.07871016,5.66,Moderate
50,40,20,29.18636364,83.04594189,5.34,Moderate
50,40,20,28.03333333,84.17602768,5.5,Moderate
50,40,20,25.46,86.57946808,5.68,Moderate
50,40,20,28.03333333,86.182932,5.62,Moderate
50,40,20,21.3,84.17432511,5.56,Moderate
50,40,20,34.01,79.27965115,5.62,Moderate
50,40,20,22.03333333,82.6157777,5.36,Moderate
50,40,20,25.83333333,83.73836476,5.52,Moderate
50,40,20,28.5,83.1327082,5.34,Moderate
50,40,20,26.36666667,83.80741387,5.46,Moderate
50,40,20,22.6,85.70842243,5.68,Moderate
50,40,20,26.36666667,85.53419532,5.54,Moderate
50,40,20,26.43333333,86.86649827,5.62,Moderate
50,40,20,26.36666667,84.79129375,5.52,Moderate
50,40,20,28.68,85.61554321,5.62,Moderate
50,40,20,27.31666667,83.39781898,5.42,Moderate
50,40,20,28.03333333,86.32205801,5.56,Moderate
50,40,20,22.03333333,82.6157777,5.38,Moderate
50,40,20,25.66666667,86.56897424,5.58,Moderate
50,40,20,27.65454545,86.12237338,5.62,Moderate
50,40,20,27.0,84.60213729,5.52,Moderate
50,40,20,25.66666667,83.45693109,5.42,Moderate
50,40,20,21.3,81.37665952,5.36,Moderate
50,40,20,23.56,81.43866406,5.38,Moderate
50,40,20,22.03333333,85.03471424,5.6,Moderate
50,40,20,21.3,82.51237252,5.52,Moderate
50,40,20,27.65454545,86.13219689,5.66,Moderate
50,40,20,25.83333333,82.34528348,5.38,Moderate
50,40,20,25.46,83.79602713,5.5,Moderate
50,40,20,29.56666667,85.7955288,5.6,Moderate
50,40,20,29.26666667,83.04594189,5.32,Moderate
50,40,20,25.66666667,83.49453636,5.4,Moderate
50,40,20,33.58333333,79.64650462,5.58,Moderate
50,40,20,22.6,82.38599808,5.48,Moderate
50,40,20,29.4,82.0629819,5.4,Moderate
50,40,20,28.5,83.1327082,5.32,Moderate
50,40,20,30.26666667,56.17527796,5.68,Moderate
50,40,20,28.33333333,83.28652287,5.42,Moderate
50,40,20,33.58333333,79.36150614,5.54,Moderate
50,40,20,29.56666667,83.64187285,5.46,Moderate
50,40,20,25.46,83.19012676,5.34,Moderate
50,40,20,21.3,81.03968169,5.44,Moderate
50,40,20,27.65454545,83.65140008,5.48,Moderate
50,40,20,33.58333333,79.53374948,5.34,Poor
50,40,20,28.33333333,86.36610661,5.58,Moderate
50,40,20,28.03333333,86.56596909,5.58,Moderate
50,40,20,23.56,81.38663086,5.46,Moderate
50,40,20,29.56666667,86.04901953,5.56,Moderate
50,40,20,25.66666667,86.56897424,5.58,Moderate
50,40,20,21.3,81.17838812,5.32,Moderate
50,40,20,21.3,81.17838812,5.34,Moderate
50,40,20,28.5,83.71653547,5.46,Moderate
50,40,20,25.574,57.81077979,5.48,Moderate
50,40,20,29.18636364,86.16500001,5.58,Moderate
50,40,20,22.6,84.2208756,5.54,Moderate
50,40,20,25.83333333,84.36623199,5.54,Moderate
50,40,20,33.58333333,79.42866941,5.44,Poor
50,40,20,28.03333333,83.54420711,5.38,Moderate
50,40,20,28.5,86.14778975,5.56,Moderate
50,40,20,21.3,81.03968169,5.42,Moderate
50,40,20,29.56666667,83.26135038,5.36,Moderate
50,40,20,27.65454545,84.11546906,5.5,Moderate
50,40,20,25.83333333,82.14822038,5.34,Moderate
50,40,20,25.83333333,82.21021999,5.42,Moderate
50,40,20,22.6,85.04070099,5.64,Moderate
50,40,20,25.66666667,83.45693109,5.44,Moderate
50,40,20,33.58333333,79.24915703,5.64,Moderate
50,40,20,29.56666667,83.12870229,5.42,Moderate
50,40,20,25.66666667,84.74662494,5.52,Moderate
50,40,20,30.26666667,55.81551704,5.58,Moderate
50,40,20,28.03333333,83.40914362,5.42,Moderate
50,40,20,25.66666667,83.39372317,5.34,Moderate
50,40,20,25.83333333,85.32659301,5.56,Moderate
50,40,20,25.46,86.15948411,5.56,Moderate
50,40,20,29.26666667,86.16500001,5.58,Moderate
50,40,20,25.574,58.44632872,5.64,Moderate
50,40,20,30.26666667,55.57439198,5.44,Moderate
50,40,20,28.68,82.96587147,5.42,Moderate
50,40,20,29.4,82.83471136,5.5,Moderate
50,40,20,30.26666667,56.09379208,5.34,Moderate
50,40,20,25.83333333,85.55524615,5.6,Moderate
50,40,20,25.83333333,85.52564327,5.64,Moderate
50,40,20,28.5,83.20336492,5.44,Moderate
50,40,20,25.66666667,83.71942947,5.46,Moderate
50,40,20,30.61666667,79.18336937,5.56,Moderate
50,40,20,27.31666667,86.13860427,5.66,Moderate
50,40,20,29.26666667,83.2516621,5.36,Moderate
50,40,20,30.26666667,55.76523241,5.62,Moderate
50,40,20,29.56666667,83.05351623,5.32,Moderate
50,40,20,25.83333333,83.06187004,5.5,Moderate
50,40,20,28.03333333,86.59231508,5.68,Moderate
50,40,20,25.66666667,86.2299716,5.66,Moderate
50,40,20,29.56666667,83.26135038,5.38,Moderate
50,40,20,29.18636364,83.15420387,5.4,Moderate
50,40,20,29.26666667,86.03933125,5.56,Moderate
50,40,20,28.03333333,83.3384869,5.34,Moderate
50,40,20,25.46,83.51583306,5.46,Moderate
50,40,20,30.26666667,55.82097943,5.4,Moderate
50,40,20,23.56,81.10168622,5.42,Moderate
50,40,20,33.58333333,79.257883,5.62,Moderate
50,40,20,25.66666667,86.204845,5.62,Moderate
50,40,20,25.46,85.19541041,5.54,Moderate
50,40,20,27.65454545,86.78679849,5.68,Moderate
50,40,20,29.4,82.38657571,5.48,Moderate
50,40,20,22.6,82.27879986,5.44,Moderate
50,40,20,28.33333333,83.74109383,5.46,Moderate
50,40,20,28.03333333,83.40914362,5.44,Moderate
50,40,20,30.43,79.08792048,5.46,Poor
50,40,20,22.676,57.11858934,5.64,Good
50,40,20,25.76,55.27521242,5.4,Moderate
50,40,20,25.574,58.35954649,5.66,Moderate
50,40,20,28.22333333,82.67481621,5.46,Moderate
50,40,20,29.56666667,83.16389216,5.4,Moderate
50,40,20,27.65454545,83.52266888,5.44,Moderate
50,40,20,28.33333333,83.32412813,5.4,Moderate
50,40,20,25.574,58.4645744,5.62,Moderate
50,40,20,27.0,86.13249511,5.66,Moderate
50,40,20,23.56,81.24160096,5.34,Moderate
50,40,20,25.83333333,85.53473002,5.62,Moderate
50,40,20,22.6,82.82149231,5.5,Moderate
50,40,20,27.0,83.5197432,5.48,Moderate
50,40,20,26.43333333,87.20764098,5.58,Moderate
50,40,20,26.36666667,86.41844853,5.56,Moderate
50,40,20,25.574,58.41278463,5.6,Moderate
50,40,20,25.66666667,83.59199458,5.38,Moderate
50,40,20,29.18636364,83.11901401,5.42,Moderate
50,40,20,25.66666667,86.204845,5.62,Moderate
50,40,20,25.46,83.38839817,5.36,Moderate
50,40,20,29.18636364,85.30717019,5.54,Moderate
50,40,20,29.18636364,83.04594189,5.32,Moderate
50,40,20,25.66666667,83.39372317,5.32,Moderate
50,40,20,30.26666667,56.09379208,5.36,Moderate
50,40,20,23.56,81.38957662,5.4,Moderate
50,40,20,25.574,57.9333984,5.5,Moderate
50,40,20,28.33333333,83.21586615,5.34,Moderate
50,40,20,25.66666667,83.71942947,5.46,Moderate
50,40,20,29.56666667,83.05351623,5.34,Moderate
50,40,20,29.0,55.18987838,5.46,Moderate
50,40,20,30.43,79.08792048,5.44,Poor
50,40,20,30.26666667,56.1054401,5.32,Moderate
50,40,20,22.03333333,85.26162306,5.58,Moderate
50,40,20,30.61666667,79.29599519,5.36,Poor
50,40,20,25.66666667,83.59199458,5.38,Moderate
50,40,20,34.01,79.45043757,5.46,Poor
50,40,20,21.3,81.37665952,5.38,Moderate
50,40,20,26.36666667,86.33051316,5.6,Moderate
50,40,20,23.562,57.05055948,4.98,Moderate
50,40,20,22.676,56.48341862,5.16,Moderate
50,40,20,20.8,73.74403021,4.84,Moderate
50,40,20,22.676,56.64393266,5.06,Moderate
50,40,20,23.56,81.45769253,4.9,Moderate
50,40,20,22.28,81.09164418,5.12,Moderate
50,40,20,21.704,54.15399766,5.08,Moderate
50,40,20,23.106,56.71567565,5.06,Moderate
50,40,20,22.38,56.72835779,5.1,Moderate
50,40,20,22.38,56.74292723,4.96,Moderate
50,40,20,23.562,56.98848402,5.06,Moderate
50,40,20,22.676,56.63549125,5.08,Moderate
50,40,20,23.562,57.10608235,4.94,Moderate
50,40,20,27.276,55.32777004,5.02,Moderate
50,40,20,18.92,66.33348809,4.88,Moderate
50,40,20,23.562,56.82796999,5.16,Moderate
50,40,20,21.704,54.26158965,4.94,Moderate
50,40,20,22.676,56.47342715,5.14,Moderate
50,40,20,18.58,72.33406641,5.06,Moderate
50,40,20,22.676,56.70600811,4.96,Moderate
50,40,20,23.562,57.05055948,4.96,Moderate
50,40,20,23.56,81.19163744,5.14,Moderate
50,40,20,22.676,56.76153098,4.94,Moderate
50,40,20,23.106,56.90162923,4.94,Moderate
50,40,20,22.676,56.55440084,5.18,Moderate
50,40,20,23.56,81.47514596,4.94,Moderate
50,40,20,23.562,57.03344296,5.02,Moderate
50,40,20,22.766,54.66902466,5.16,Moderate
50,40,20,23.562,57.12390593,4.88,Moderate
50,40,20,27.276,55.25249429,5.06,Moderate
50,40,20,18.92,66.33348809,4.9,Moderate
50,40,20,23.56,81.45769253,4.86,Moderate
50,40,20,22.38,56.91831211,4.88,Moderate
50,40,20,23.562,56.98008544,5.12,Moderate
50,40,20,22.38,56.56629369,5.14,Moderate
50,40,20,18.58,72.33406641,5.04,Moderate
50,40,20,22.766,54.70384629,5.04,Moderate
50,40,20,27.86666667,83.34214756,5.1,Moderate
50,40,20,15.852,66.03636883,4.9,Moderate
50,40,20,22.28,81.19216456,4.88,Moderate
50,40,20,22.766,54.74312556,5.18,Moderate
50,40,20,22.676,56.63553407,5.12,Moderate
50,40,20,23.106,56.91945281,4.86,Moderate
50,40,20,22.38,56.57628516,5.16,Moderate
50,40,20,21.66,80.85895871,5.16,Moderate
50,40,20,22.676,56.79166599,4.9,Moderate
50,40,20,25.574,57.70460532,5.02,Moderate
50,40,20,22.28,81.18004311,4.98,Moderate
50,40,20,23.56,81.42755753,5.08,Moderate
50,40,20,23.106,56.93176424,4.92,Moderate
50,40,20,22.766,54.67700392,5.06,Moderate
50,40,20,22.6,82.25626926,5.16,Moderate
50,40,20,22.676,56.6888916,5.0,Moderate
50,40,20,22.38,56.91831211,4.86,Moderate
50,40,20,23.106,56.70723424,5.1,Moderate
50,40,20,27.276,55.26086674,5.16,Moderate
50,40,20,21.704,54.16403196,5.16,Moderate
50,40,20,22.38,56.76580335,5.04,Moderate
50,40,20,20.8,73.84217776,5.08,Moderate
50,40,20,23.106,56.70727706,5.12,Moderate
50,40,20,23.56,81.44557109,5.06,Moderate
50,40,20,23.562,57.12390593,4.86,Moderate
50,40,20,21.3,81.28240527,4.94,Moderate
50,40,20,14.6,76.23599709,5.14,Moderate
50,40,20,21.704,54.29172465,4.9,Moderate
50,40,20,22.28,80.99660014,5.18,Moderate
50,40,20,22.676,56.77935456,4.88,Moderate
50,40,20,18.58,72.1623057,4.86,Moderate
50,40,20,22.38,56.94899983,4.84,Moderate
50,40,20,20.312,66.24000371,4.94,Moderate
50,40,20,22.28,81.20961798,4.94,Moderate
50,40,20,25.574,57.77832728,4.92,Moderate
50,40,20,21.3,81.26495185,4.9,Moderate
50,40,20,27.016,54.46326582,5.1,Moderate
50,40,20,23.562,56.81797851,5.14,Moderate
50,40,20,22.676,56.78172137,4.84,Moderate
50,40,20,20.8,73.74403021,4.82,Moderate
50,40,20,20.8,73.79236109,5.12,Moderate
50,40,20,23.562,56.98004262,5.1,Moderate
50,40,20,12.5,72.92578096,5.04,Moderate
50,40,20,22.28,81.18004311,5.0,Moderate
50,40,20,27.65454545,83.3545553,4.82,Moderate
50,40,20,21.704,54.15399766,5.1,Moderate
50,40,20,22.676,56.70600811,4.98,Moderate
50,40,20,22.28,81.19216456,4.82,Moderate
50,40,20,23.562,57.12627274,4.84,Moderate
50,40,20,23.106,56.76063459,5.02,Moderate
50,40,20,22.766,54.65899036,5.1,Moderate
50,40,20,25.44,83.09903433,5.06,Moderate
50,40,20,23.106,56.93863134,4.82,Moderate
50,40,20,23.56,81.42755753,5.1,Moderate
50,40,20,22.38,56.90320616,4.94,Moderate
50,40,20,15.852,66.03636883,4.96,Moderate
50,40,20,14.6,76.00418702,4.84,Moderate
50,40,20,14.7,78.3582286,4.96,Moderate
50,40,20,20.8,73.79236109,5.14,Moderate
50,40,20,20.8,73.86019132,5.02,Moderate
50,40,20,22.766,54.72048639,4.96,Moderate
50,40,20,22.766,54.70336987,5.0,Moderate
50,40,20,18.92,66.31427095,5.12,Moderate
50,40,20,23.106,56.70723424,5.08,Moderate
50,40,20,22.38,56.72840061,5.12,Moderate
50,40,20,22.38,56.94899983,4.82,Moderate
50,40,20,21.704,54.15404049,5.12,Moderate
50,40,20,21.704,54.26959785,4.82,Moderate
50,40,20,22.766,54.70336987,5.02,Moderate
50,40,20,21.3,81.2528304,4.98,Moderate
50,40,20,23.56,81.44557109,4.98,Moderate
50,40,20,23.14,54.38860288,4.96,Moderate
50,40,20,14.7,78.59003866,5.06,Moderate
50,40,20,21.66,81.11289236,5.04,Moderate
50,40,20,27.016,54.55121646,5.18,Moderate
50,40,20,22.676,56.79166599,4.92,Moderate
50,40,20,23.56,81.45769253,4.82,Moderate
50,40,20,23.562,57.13621735,4.92,Moderate
50,40,20,21.3,81.2528304,5.06,Moderate
50,40,20,22.676,56.77935456,4.86,Moderate
50,40,20,15.852,66.08579658,5.14,Moderate
50,40,20,28.64818182,82.91735479,5.0,Moderate
50,40,20,18.92,66.33348809,4.94,Moderate
50,40,20,22.38,56.73575206,5.0,Moderate
50,40,20,23.562,56.98004262,5.08,Moderate
50,40,20,14.7,78.3582286,4.82,Moderate
50,40,20,25.6,57.56557492,4.86,Moderate
50,40,20,23.56,81.45769253,4.88,Moderate
50,40,20,23.56,81.44557109,4.96,Moderate
50,40,20,25.574,57.74941898,4.86,Moderate
50,40,20,18.58,72.28424974,5.12,Moderate
50,40,20,23.56,81.26212811,5.18,Moderate
50,40,20,14.7,78.59003866,5.12,Moderate
50,40,20,21.704,54.26959785,4.84,Moderate
50,40,20,22.766,54.83243091,4.88,Moderate
50,40,20,20.8,73.87231276,4.92,Moderate
50,40,20,18.58,72.27210238,4.9,Moderate
50,40,20,22.766,54.78081918,4.94,Moderate
50,40,20,10.38,78.43540756,5.16,Moderate
50,40,20,21.704,54.22738133,5.02,Moderate
50,40,20,18.58,72.1623057,4.84,Moderate
50,40,20,23.56,81.19163744,5.16,Moderate
50,40,20,14.6,76.23599709,5.06,Moderate
50,40,20,20.8,73.87231276,4.88,Moderate
50,40,20,25.6,57.5616306,4.94,Moderate
50,40,20,23.106,56.7777511,4.98,Moderate
50,40,20,20.8,73.87231276,4.9,Moderate
50,40,20,20.8,73.88976619,4.94,Moderate
50,40,20,22.676,56.78172137,4.82,Moderate
50,40,20,22.38,56.73575206,5.02,Moderate
50,40,20,21.704,54.22785775,5.04,Moderate
50,40,20,21.3,81.26495185,4.84,Moderate
50,40,20,20.8,73.86019132,5.04,Moderate
50,40,20,27.276,55.4299722,4.94,Moderate
50,40,20,28.64818182,82.87792951,5.14,Moderate
50,40,20,14.6,76.23599709,5.12,Moderate
50,40,20,14.6,76.23599709,5.1,Moderate
50,40,20,14.7,78.51134095,5.02,Moderate
50,40,20,23.106,56.76063459,5.0,Moderate
50,40,20,20.8,73.79236109,5.16,Moderate
50,40,20,14.6,76.23599709,5.08,Moderate
50,40,20,14.7,78.59003866,5.1,Moderate
50,40,20,27.65454545,83.37692809,4.88,Moderate
50,40,20,27.276,55.32777004,5.0,Moderate
50,40,20,18.92,66.32426242,5.16,Moderate
50,40,20,25.44,83.11115578,4.86,Moderate
50,40,20,20.8,73.86019132,5.0,Moderate
50,40,20,27.276,55.29707885,4.88,Moderate
50,40,20,27.65454545,83.36480664,5.0,Moderate
50,40,20,22.676,56.63549125,5.1,Moderate
50,40,20,23.56,81.44557109,5.02,Moderate
50,40,20,18.92,66.33348809,4.92,Moderate
50,40,20,21.704,54.29172465,4.92,Moderate
50,40,20,23.106,56.91945281,4.88,Moderate
50,40,20,14.7,78.3582286,4.88,Moderate
50,40,20,21.3,81.26495185,4.86,Moderate
50,40,20,21.3,81.26495185,4.88,Moderate
50,40,20,21.704,54.15404049,5.14,Moderate
50,40,20,22.28,81.19216456,4.9,Moderate
50,40,20,23.106,56.93863134,4.84,Moderate
50,40,20,27.276,55.24775985,5.14,Moderate
50,40,20,20.8,73.76251608,4.86,Moderate
50,40,20,10.38,78.35670985,5.0,Moderate
50,40,20,20.8,73.8403697,5.18,Moderate
50,40,20,14.7,78.59003866,5.04,Moderate
50,40,20,10.38,78.2035975,4.98,Moderate
50,40,20,25.81818182,83.44585328,5.18,Moderate
50,40,20,15.852,66.09833286,5.08,Moderate
50,40,20,21.704,54.2657444,5.18,Moderate
50,40,20,1.18,78.17214711,4.92,Poor
50,40,20,25.46,83.09903433,5.06,Moderate
50,40,20,14.6,76.00418702,4.92,Moderate
50,40,20,22.766,54.65899036,5.08,Moderate
50,40,20,27.276,55.37995194,4.96,Moderate
50,40,20,22.676,56.6888916,5.02,Moderate
50,40,20,21.66,81.11289236,5.06,Moderate
50,40,20,25.6,57.59176561,4.9,Moderate
50,40,20,25.44,83.1286092,4.94,Moderate
50,40,20,22.28,81.18004311,5.04,Moderate
50,40,20,22.38,56.75286858,4.98,Moderate
50,40,20,18.92,66.22369141,4.82,Moderate
50,40,20,18.58,72.27210238,4.88,Moderate
50,40,20,23.56,81.45769253,4.92,Moderate
50,40,20,22.28,81.16202956,5.1,Moderate
50,40,20,21.482,56.67403011,5.12,Moderate
50,40,20,12.5,72.87596429,5.12,Moderate
50,40,20,23.56,81.35717215,5.12,Moderate
50,40,20,21.704,54.22738133,5.0,Moderate
50,40,20,22.766,54.85847461,4.92,Moderate
50,40,20,15.852,66.03636883,4.86,Moderate
50,40,20,23.106,56.93176424,4.9,Moderate
50,40,20,20.312,66.24000371,4.9,Moderate
50,40,20,22.38,56.72835779,5.08,Moderate
50,40,20,20.8,73.86019132,5.06,Moderate
50,40,20,14.6,76.00418702,4.86,Moderate
50,40,20,15.852,66.03636883,4.92,Moderate
50,40,20,23.56,81.44557109,5.0,Moderate
50,40,20,20.8,73.86019132,4.98,Moderate
50,40,20,22.766,54.65903318,5.12,Moderate
50,40,20,22.28,81.19216456,4.84,Moderate
50,40,20,25.6,57.56557492,4.88,Moderate
50,40,20,10.38,78.43540756,5.12,Moderate
50,40,20,18.92,66.39545212,5.06,Moderate
50,40,20,22.676,56.67293681,5.04,Moderate
50,40,20,10.38,78.35670985,5.02,Moderate
50,40,20,22.766,54.65903318,5.14,Moderate
50,40,20,21.3,81.2528304,5.0,Moderate
50,40,20,23.106,56.62614383,5.18,Moderate
50,40,20,26.64666667,83.32216462,4.98,Moderate
50,40,20,23.14,54.40978599,4.86,Moderate
50,40,20,22.766,54.72048639,4.98,Moderate
50,40,20,15.852,66.09578805,5.16,Moderate
50,40,20,20.312,66.23077804,5.18,Moderate
50,40,20,23.562,56.89895221,5.18,Moderate
50,40,20,23.14,54.43582969,4.92,Moderate
50,40,20,25.574,57.7534705,5.16,Moderate
50,40,20,14.7,78.51134095,5.0,Moderate
50,40,20,22.6,82.42180398,5.12,Moderate
50,40,20,27.276,55.34488656,4.98,Moderate
50,40,20,21.3,81.08764176,5.18,Moderate
50,40,20,18.58,72.27210238,4.92,Moderate
50,40,20,25.6,57.48899122,5.0,Moderate
50,40,20,10.38,78.2035975,4.96,Moderate
50,40,20,25.6,57.43320403,5.14,Moderate
50,40,20,21.3,81.01715108,5.14,Moderate
50,40,20,21.704,54.24449784,4.98,Moderate
50,40,20,22.766,54.8363478,4.84,Moderate
50,40,20,10.38,78.2035975,4.92,Moderate
50,40,20,22.28,81.16202956,5.08,Moderate
50,40,20,23.56,81.44557109,5.04,Moderate
50,40,20,27.65454545,83.36480664,5.04,Moderate
50,40,20,15.852,66.03636883,4.82,Moderate
50,40,20,21.3,81.2528304,5.02,Moderate
50,40,20,12.5,72.87596429,5.16,Moderate
50,40,20,18.92,66.39545212,5.08,Moderate
50,40,20,14.7,78.59003866,5.16,Moderate
50,40,20,20.312,66.30196774,5.06,Moderate
50,40,20,25.6,57.51417772,5.18,Moderate
50,40,20,22.28,81.19216456,4.92,Moderate
50,40,20,28.64818182,82.9014692,4.88,Moderate
50,40,20,20.8,73.86019132,4.96,Moderate
50,40,20,21.704,54.17201122,5.06,Moderate
50,40,20,22.766,54.83243091,4.86,Moderate
50,40,20,15.852,66.09833286,5.0,Moderate
50,40,20,25.6,57.50610773,4.96,Moderate
50,40,20,21.704,54.26568095,4.88,Moderate
50,40,20,14.7,78.3582286,4.92,Moderate
50,40,20,21.3,81.23481684,5.1,Moderate
50,40,20,25.46,83.09903433,4.98,Moderate
50,40,20,23.562,57.01748818,5.04,Moderate
50,40,20,25.6,57.47060677,5.04,Moderate
50,40,20,14.6,76.23599709,5.04,Moderate
50,40,20,14.6,76.23599709,5.16,Moderate
50,40,20,18.58,72.28424974,5.14,Moderate
50,40,20,14.7,78.59003866,5.14,Moderate
50,40,20,22.38,56.7367992,5.06,Moderate
50,40,20,12.5,72.92578096,5.02,Moderate
50,40,20,27.276,55.25788472,5.04,Moderate
50,40,20,16.82,66.00092686,5.16,Moderate
50,40,20,21.704,54.26568095,4.86,Moderate
50,40,20,23.562,57.13621735,4.9,Moderate
50,40,20,27.276,55.30099574,4.84,Moderate
50,40,20,25.44,83.02888973,5.14,Moderate
50,40,20,10.38,78.43540756,5.04,Moderate
50,40,20,23.562,57.03344296,5.0,Moderate
50,40,20,23.106,56.7446798,5.04,Moderate
50,40,20,25.46,83.0993804,5.18,Moderate
50,40,20,25.81818182,83.44550721,5.06,Moderate
50,40,20,14.6,76.00418702,4.96,Moderate
50,40,20,25.6,57.56794173,4.82,Moderate
50,40,20,27.276,55.23448073,5.08,Moderate
50,40,20,18.92,66.22369141,4.86,Moderate
50,40,20,27.276,55.33496765,5.18,Moderate
50,40,20,25.6,57.44160261,5.06,Moderate
50,40,20,20.8,73.79236109,5.1,Moderate
50,40,20,22.28,81.19216456,4.86,Moderate
50,40,20,22.28,81.18004311,4.96,Moderate
50,40,20,15.852,66.09578805,5.18,Moderate
50,40,20,21.66,81.1250138,4.92,Moderate
50,40,20,22.766,54.8363478,4.82,Moderate
50,40,20,28.64818182,82.91735479,5.04,Moderate
50,40,20,25.46,83.11115578,4.82,Moderate
50,40,20,22.38,56.63338812,5.18,Moderate
50,40,20,26.64666667,83.32251069,5.18,Moderate
50,40,20,18.92,66.31427095,5.14,Moderate
50,40,20,25.81818182,83.44550721,5.0,Moderate
50,40,20,18.58,72.27210238,4.98,Moderate
50,40,20,27.276,55.24775985,5.12,Moderate
50,40,20,21.482,56.86838228,4.94,Moderate
50,40,20,15.852,66.03636883,4.94,Moderate
50,40,20,23.106,56.55516161,5.16,Moderate
50,40,20,28.64818182,82.93023336,5.08,Moderate
50,40,20,25.44,83.11115578,4.82,Moderate
50,40,20,21.66,81.0948788,5.1,Moderate
50,40,20,21.3,81.26495185,4.82,Moderate
50,40,20,23.106,56.76780975,4.96,Moderate
50,40,20,23.562,57.12627274,4.82,Moderate
50,40,20,21.482,56.88620586,4.86,Moderate
50,40,20,21.482,56.67398729,5.08,Moderate
50,40,20,21.66,81.0948788,5.08,Moderate
50,40,20,23.56,81.45769253,4.84,Moderate
50,40,20,21.66,81.1250138,4.86,Moderate
50,40,20,21.482,56.6824287,5.06,Moderate
50,40,20,18.92,66.39545212,5.02,Moderate
50,40,20,22.28,81.18004311,5.06,Moderate
50,40,20,21.482,56.51192319,5.14,Moderate
50,40,20,25.44,83.02888973,5.16,Moderate
50,40,20,14.6,76.00418702,4.94,Moderate
50,40,20,22.6,82.49194858,4.96,Moderate
50,40,20,18.58,72.1623057,4.82,Moderate
50,40,20,21.3,81.1826858,5.12,Moderate
50,40,20,23.106,56.54517014,5.14,Moderate
50,40,20,10.38,78.43540756,5.18,Moderate
50,40,20,18.92,66.32680723,5.1,Moderate
50,40,20,27.65454545,83.34679309,5.08,Moderate
50,40,20,21.3,81.26495185,4.92,Moderate
50,40,20,1.18,78.40395718,5.18,Poor
50,40,20,12.5,72.86381693,4.96,Moderate
50,40,20,25.46,83.11115578,4.84,Moderate
50,40,20,27.276,55.29707885,4.86,Moderate
50,40,20,21.3,81.23481684,5.08,Moderate
50,40,20,22.766,54.85847461,4.9,Moderate
50,40,20,25.81818182,83.45762865,4.9,Moderate
50,40,20,25.46,83.11115578,4.9,Moderate
50,40,20,28.64818182,82.9014692,4.9,Moderate
50,40,20,25.46,83.02888973,5.16,Moderate
50,40,20,15.852,66.03636883,4.98,Moderate
50,40,20,22.28,81.18004311,5.02,Moderate
50,40,20,25.76,55.56866181,4.84,Moderate
50,40,20,20.312,66.30196774,5.08,Moderate
50,40,20,14.6,76.00418702,4.82,Moderate
50,40,20,21.3,81.2528304,4.96,Moderate
50,40,20,14.6,76.00418702,4.98,Moderate
50,40,20,25.6,57.4431955,5.16,Moderate
50,40,20,27.016,54.46490981,4.88,Moderate
50,40,20,12.5,72.86381693,4.9,Moderate
50,40,20,28.64818182,82.9014692,4.86,Moderate
50,40,20,15.852,66.08579658,5.12,Moderate
50,40,20,21.482,56.89851729,4.92,Moderate
50,40,20,26.64666667,83.33428606,4.82,Moderate
50,40,20,25.76,55.56474492,4.88,Moderate
50,40,20,22.28,80.92610946,5.14,Moderate
50,40,20,10.38,78.43540756,5.14,Moderate
50,40,20,18.58,72.33406641,5.0,Moderate
90,42,43,20.87974371,82.00274423,6.502985292,Moderate
85,58,41,21.77046169,80.31964408,7.038096361,Moderate
60,55,44,23.00445915,82.3207629,7.840207144,Moderate
74,35,40,26.49109635,80.15836264,6.980400905,Moderate
78,42,42,20.13017482,81.60487287,7.628472891,Moderate
69,37,42,23.05804872,83.37011772,7.073453503,Good
69,55,38,22.70883798,82.63941394,5.70080568,Moderate
94,53,40,20.27774362,82.89408619,5.718627178,Poor
89,54,38,24.51588066,83.5352163,6.685346424,Moderate
68,58,38,23.22397386,83.03322691,6.336253525,Moderate
91,53,40,26.52723513,81.41753846,5.386167788,Poor
90,46,42,23.97898217,81.45061596,7.50283396,Moderate
78,58,44,26.80079604,80.88684822,5.108681786,Poor
93,56,36,24.01497622,82.05687182,6.98435366,Moderate
94,50,37,25.66585205,80.66385045,6.94801983,Moderate
60,48,39,24.28209415,80.30025587,7.042299069,Moderate
85,38,41,21.58711777,82.7883708,6.249050656,Moderate
91,35,39,23.79391957,80.41817957,6.970859754,Moderate
77,38,36,21.8652524,80.1923008,5.953933276,Moderate
88,35,40,23.57943626,83.58760316,5.85393208,Moderate
89,45,36,21.32504158,80.47476396,6.442475375,Moderate
76,40,43,25.15745531,83.11713476,5.070175667,Poor
67,59,41,21.94766735,80.97384195,6.012632591,Moderate
83,41,43,21.0525355,82.67839517,6.254028451,Moderate
98,47,37,23.48381344,81.33265073,7.375482851,Moderate
66,53,41,25.0756354,80.52389148,7.778915154,Moderate
97,59,43,26.35927159,84.04403589,6.286500176,Poor
97,50,41,24.52922681,80.54498576,7.070959995,Moderate
60,49,44,20.77576147,84.49774397,6.244841491,Moderate
84,51,35,22.30157427,80.64416466,6.043304899,Moderate
73,57,41,21.44653958,84.94375962,5.824709117,Moderate
92,35,40,22.17931888,80.33127223,6.357389366,Moderate
85,37,39,24.52783742,82.73685569,6.364134968,Moderate
98,53,38,20.26707606,81.63895217,5.01450727,Poor
88,54,44,25.7354293,83.88266234,6.149410611,Moderate
95,55,42,26.79533926,82.1480873,5.950660556,Poor
99,57,35,26.75754171,81.17734011,5.960370061,Poor
95,39,36,23.86330467,83.15250801,5.561398642,Moderate
60,43,44,21.01944696,82.95221726,7.416245107,Moderate
63,44,41,24.17298839,83.7287574,5.583370042,Moderate
62,42,36,22.78133816,82.06719137,6.430010215,Good
64,45,43,25.62980105,83.52842314,5.534878156,Moderate
83,60,36,25.59704938,80.14509262,6.903985986,Moderate
82,40,40,23.83067496,84.81360127,6.271478838,Moderate
85,52,45,26.31355498,82.36698992,7.224285503,Moderate
91,35,38,24.8972823,80.52586088,6.13428721,Moderate
76,49,42,24.958779,84.47963372,5.206373153,Poor
74,39,38,23.24113501,84.59201843,7.782051313,Moderate
79,43,39,21.66628296,80.70960551,7.062779015,Moderate
88,55,45,24.63544858,80.41363018,7.730367824,Moderate
60,36,43,23.43121862,83.06310136,5.286203711,Moderate
76,60,39,20.0454142,80.3477562,6.766240045,Moderate
93,56,42,23.85724032,82.22572988,7.382762603,Moderate
65,60,43,21.97199397,81.89918197,5.658169482,Moderate
95,52,36,26.22916897,83.83625819,5.543360238,Poor
75,38,39,23.44676801,84.79352417,6.215109715,Moderate
74,54,38,25.65553461,83.47021081,7.120272972,Moderate
91,36,45,24.44345477,82.45432595,5.950647577,Moderate
71,46,40,20.2801937,82.1235421,7.236705436,Moderate
99,55,35,21.7238313,80.2389895,6.501697816,Moderate
72,40,38,20.41447029,82.20802629,7.592490617,Moderate
83,58,45,25.75528612,83.51827127,5.875345751,Poor
93,58,38,20.61521424,83.77345559,6.932400225,Moderate
70,36,42,21.84106875,80.72886384,6.946209881,Good
76,47,42,20.08369642,83.29114712,5.739175027,Moderate
99,41,36,24.45802087,82.74835604,6.738652179,Moderate
99,54,37,21.14347496,80.33502926,5.594819626,Moderate
86,59,35,25.78720567,82.11124033,6.946636369,Moderate
69,46,41,23.64124821,80.28597873,5.012139669,Moderate
91,56,37,23.43191632,80.56887849,6.363472208,Moderate
61,52,41,24.97669518,83.891805,6.880431223,Moderate
67,45,38,22.72791041,82.1706881,7.300410836,Moderate
79,42,37,24.87300744,82.84022551,6.587918708,Moderate
78,43,42,21.32376327,83.00320459,7.283736617,Moderate
75,54,36,26.29465461,84.56919326,7.023936392,Moderate
97,36,45,22.2286982,81.85872947,6.939083505,Moderate
67,47,44,26.73072391,81.78596776,7.868474653,Moderate
73,35,38,24.88921174,81.97927117,5.005306977,Moderate
77,36,37,26.88444878,81.46033732,6.136131869,Moderate
81,41,38,22.67846116,83.72874389,7.524080076,Moderate
68,57,43,26.08867875,80.37979919,5.706943251,Moderate
72,45,35,25.42977518,82.94682591,5.758506323,Moderate
61,53,43,26.40323239,81.05635517,6.349606327,Moderate
67,43,39,26.04371967,84.96907151,5.999969026,Moderate
67,58,39,25.2827223,80.54372813,5.453592032,Poor
66,60,38,22.08576562,83.47038318,6.372576327,Moderate
82,43,38,23.28617173,81.43321641,5.105588355,Moderate
84,50,44,25.48591986,81.40633547,5.935344406,Poor
81,53,42,23.67575393,81.03569343,5.17782304,Poor
91,50,40,20.82477109,84.1341879,6.462391607,Moderate
93,53,38,26.92995077,81.91411159,7.069172227,Poor
90,44,38,23.83509503,83.88387074,7.473134377,Moderate
81,45,35,26.52872817,80.12267476,6.158376967,Moderate
78,40,38,26.46428311,83.85642678,7.549873681,Moderate
60,51,36,22.69657794,82.81088865,6.028321558,Moderate
88,46,42,22.68319059,83.46358271,6.604993475,Moderate
93,47,37,21.53346343,82.14004101,6.500343222,Moderate
60,55,45,21.40865769,83.3293191,5.935745417,Moderate
78,35,44,26.54348085,84.67353597,7.072655622,Moderate
65,37,40,23.35905428,83.59512273,5.333322606,Moderate
80,40,40,22.6,83.46423565,5.52,Moderate
80,40,40,26.36666667,83.20699417,5.64,Moderate
80,40,40,26.36666667,83.20417153,5.68,Moderate
80,40,40,29.4,79.76194807,5.34,Poor
80,40,40,34.01,87.66943805,5.62,Poor
80,40,40,22.6,83.4698567,5.64,Moderate
80,40,40,29.26666667,80.90203309,5.36,Poor
80,40,40,29.56666667,80.95024588,5.46,Poor
80,40,40,30.43,84.77217923,5.64,Poor
80,40,40,30.43,84.42079769,5.46,Poor
80,40,40,26.36666667,82.84154148,5.44,Poor
80,40,40,22.6,83.06230358,5.38,Moderate
80,40,40,30.61666667,85.93704042,5.44,Poor
80,40,40,29.26666667,80.9595528,5.46,Poor
80,40,40,23.562,85.10829075,5.42,Moderate
80,40,40,34.01,87.39657785,5.46,Poor
80,40,40,22.6,83.45266036,5.56,Moderate
80,40,40,25.46,83.15180629,5.48,Poor
80,40,40,21.3,80.74418703,5.42,Moderate
80,40,40,22.6,83.4555416,5.58,Moderate
80,40,40,25.6,85.29615338,5.46,Poor
80,40,40,26.36666667,82.82868083,5.4,Poor
80,40,40,21.3,80.76158651,5.44,Moderate
80,40,40,33.37333333,87.37983224,5.4,Poor
80,40,40,28.03333333,80.87224983,5.38,Poor
80,40,40,23.562,85.10829075,5.44,Moderate
80,40,40,26.36666667,82.82431178,5.42,Poor
80,40,40,30.43,84.40662604,5.4,Poor
80,40,40,28.5,80.87224983,5.4,Poor
80,40,40,23.562,85.06777863,5.34,Moderate
80,40,40,23.562,85.180205,5.62,Moderate
80,40,40,33.58333333,87.3824062,5.38,Poor
80,40,40,26.36666667,83.15148946,5.58,Moderate
80,40,40,33.58333333,87.66015124,5.48,Poor
80,40,40,28.68,81.27164686,5.5,Moderate
80,40,40,27.65454545,80.82706713,5.42,Poor
80,40,40,25.83333333,81.69696515,5.56,Moderate
80,40,40,25.83333333,81.69673179,5.48,Poor
80,40,40,33.58333333,87.3824062,5.42,Poor
80,40,40,33.37333333,87.70774678,5.66,Poor
80,40,40,28.5,81.20959957,5.48,Poor
80,40,40,25.83333333,81.70154364,5.54,Moderate
80,40,40,30.43,84.40662604,5.38,Poor
80,40,40,34.01,87.39657785,5.44,Poor
80,40,40,21.3,80.76492884,5.4,Moderate
80,40,40,34.01,87.32045549,5.34,Poor
80,40,40,30.43,84.72593828,5.62,Poor
80,40,40,30.43,84.42079769,5.44,Poor
80,40,40,26.36666667,82.83408996,5.46,Poor
80,40,40,26.36666667,83.15734276,5.56,Moderate
80,40,40,25.6,85.36806763,5.6,Moderate
80,40,40,28.03333333,81.32096275,5.64,Moderate
80,40,40,30.43,84.36752686,5.36,Poor
80,40,40,34.01,87.66943805,5.56,Poor
80,40,40,25.6,85.29615338,5.42,Poor
80,40,40,27.276,89.79263967,5.66,Moderate
80,40,40,25.83333333,81.75705083,5.32,Poor
80,40,40,28.03333333,80.82453272,5.36,Poor
80,40,40,27.276,89.79263967,5.56,Moderate
80,40,40,34.01,87.3824062,5.38,Poor
80,40,40,35.34666667,87.65596045,5.54,Poor
80,40,40,23.562,85.10829075,5.38,Moderate
80,40,40,34.01,87.66943805,5.58,Poor
80,40,40,34.01,87.66015124,5.5,Poor
80,40,40,33.37333333,87.66686409,5.62,Poor
80,40,40,34.01,87.67647309,5.64,Poor
80,40,40,30.43,84.75573285,5.54,Poor
80,40,40,22.6,82.8629419,5.32,Moderate
80,40,40,33.37333333,87.65757728,5.5,Poor
80,40,40,28.5,81.2539202,5.56,Moderate
80,40,40,26.36666667,82.6412456,5.32,Poor
80,40,40,35.34666667,87.30697789,5.36,Poor
80,40,40,21.3,80.75609557,5.48,Moderate
80,40,40,35.34666667,87.69684314,5.68,Poor
80,40,40,22.6,83.47197992,5.66,Moderate
80,40,40,21.3,80.74725867,5.66,Moderate
80,40,40,25.6,85.38203637,5.68,Moderate
80,40,40,30.61666667,86.23130763,5.56,Poor
80,40,40,25.6,85.38203637,5.66,Moderate
80,40,40,33.58333333,87.66943805,5.6,Poor
80,40,40,27.65454545,81.23083321,5.5,Moderate
80,40,40,26.43333333,81.30911715,5.62,Moderate
80,40,40,34.01,87.66015124,5.48,Poor
80,40,40,28.33333333,81.2480669,5.58,Moderate
80,40,40,28.03333333,80.86788078,5.42,Poor
80,40,40,30.43,84.40662604,5.42,Poor
80,40,40,34.01,87.3824062,5.4,Poor
80,40,40,25.46,83.2219913,5.58,Moderate
80,40,40,30.43,84.73467282,5.56,Poor
80,40,40,25.6,85.25564127,5.36,Poor
80,40,40,33.37333333,87.66686409,5.54,Poor
80,40,40,35.34666667,87.36892861,5.42,Poor
80,40,40,33.37333333,87.31788153,5.34,Poor
80,40,40,25.46,83.2219913,5.62,Moderate
80,40,40,25.6,85.36806763,5.58,Moderate
80,40,40,25.6,85.29615338,5.44,Poor
80,40,40,33.37333333,87.67389914,5.64,Poor
80,40,40,22.6,83.4555416,5.62,Moderate
80,40,40,25.46,83.2219913,5.6,Moderate
80,40,40,26.36666667,83.17353024,5.5,Moderate
80,40,40,30.43,84.79477482,5.68,Poor
80,40,40,25.83333333,81.75705083,5.34,Poor
80,40,40,33.37333333,87.3940039,5.46,Poor
80,40,40,22.6,83.11552622,5.46,Moderate
80,40,40,28.5,81.35093025,5.68,Moderate
80,40,40,34.01,87.71032073,5.66,Poor
80,40,40,28.03333333,80.88205243,5.44,Poor
80,40,40,30.43,84.33993279,5.32,Poor
80,40,40,21.3,80.79155006,5.36,Moderate
80,40,40,23.562,85.06777863,5.32,Moderate
80,40,40,29.56666667,81.32371187,5.58,Moderate
80,40,40,30.61666667,86.22311059,5.62,Poor
80,40,40,25.6,85.29615338,5.4,Poor
80,40,40,33.37333333,87.65757728,5.48,Poor
80,40,40,21.3,80.7597623,5.52,Moderate
80,40,40,25.46,83.23882618,5.5,Moderate
80,40,40,30.61666667,86.25584039,5.52,Poor
80,40,40,25.46,83.25370856,5.64,Moderate
80,40,40,25.6,85.25564127,5.34,Poor
80,40,40,33.58333333,87.71032073,5.66,Poor
80,40,40,22.6,83.48158335,5.68,Moderate
80,40,40,26.36666667,83.15148946,5.6,Moderate
80,40,40,25.46,83.26088904,5.66,Moderate
80,40,40,28.03333333,81.35481039,5.66,Moderate
80,40,40,34.01,87.71032073,5.68,Poor
80,40,40,22.6,82.96776443,5.36,Moderate
80,40,40,27.65454545,80.83143618,5.38,Poor
80,40,40,33.37333333,87.3940039,5.44,Poor
80,40,40,34.01,87.3824062,5.42,Poor
80,40,40,21.3,80.75605014,5.62,Moderate
80,40,40,34.01,87.66943805,5.54,Poor
80,40,40,25.83333333,81.61418781,5.62,Moderate
80,40,40,29.56666667,81.35657864,5.54,Moderate
80,40,40,34.01,87.32045549,5.36,Poor
80,40,40,25.83333333,81.71385913,5.38,Poor
80,40,40,35.34666667,87.38310026,5.44,Poor
80,40,40,33.58333333,87.66943805,5.62,Poor
80,40,40,25.46,83.25525246,5.52,Moderate
80,40,40,23.562,85.19072401,5.64,Moderate
80,40,40,25.6,85.35037476,5.52,Moderate
80,40,40,28.22333333,79.76263478,5.66,Moderate
80,40,40,23.562,85.19072401,5.68,Moderate
80,40,40,30.61666667,86.2283338,5.48,Poor
80,40,40,26.43333333,81.27123992,5.42,Poor
80,40,40,25.46,82.93330622,5.44,Poor
80,40,40,30.61666667,85.92286877,5.42,Poor
80,40,40,35.34666667,87.64667364,5.48,Poor
80,40,40,25.83333333,81.61418781,5.6,Moderate
80,40,40,29.26666667,81.36588556,5.54,Moderate
80,40,40,25.574,80.72691905,5.6,Moderate
80,40,40,29.56666667,81.36005138,5.52,Moderate
80,40,40,21.3,80.75360295,5.58,Moderate
80,40,40,30.43,84.75920559,5.52,Poor
80,40,40,35.34666667,87.36892861,5.38,Poor
80,40,40,34.01,87.67291078,5.52,Poor
80,40,40,26.36666667,83.18628979,5.52,Moderate
80,40,40,30.61666667,85.92286877,5.38,Poor
80,40,40,33.58333333,87.66943805,5.56,Poor
80,40,40,34.01,87.66943805,5.6,Poor
80,40,40,25.6,85.36806763,5.62,Moderate
80,40,40,23.562,85.16251212,5.52,Moderate
80,40,40,29.56666667,80.94044328,5.4,Poor
80,40,40,34.01,87.31831299,5.32,Poor
80,40,40,33.37333333,87.67033683,5.52,Poor
80,40,40,30.43,84.74644604,5.5,Poor
80,40,40,33.58333333,87.39657785,5.46,Poor
80,40,40,27.0,81.97968559,5.34,Poor
80,40,40,35.34666667,87.65596045,5.58,Poor
80,40,40,25.574,80.80490829,5.38,Poor
80,40,40,25.46,82.75478087,5.32,Poor
80,40,40,35.34666667,87.69684314,5.66,Poor
80,40,40,33.58333333,87.3824062,5.4,Poor
80,40,40,28.03333333,81.2480669,5.58,Moderate
80,40,40,25.574,80.96912598,5.64,Moderate
80,40,40,26.36666667,82.74969995,5.36,Poor
80,40,40,29.56666667,80.89272617,5.36,Poor
80,40,40,30.61666667,85.85785995,5.36,Poor
80,40,40,30.43,84.71647962,5.48,Poor
80,40,40,27.0,82.28173921,5.56,Moderate
80,40,40,30.43,84.37390113,5.34,Poor
80,40,40,22.6,83.45519505,5.54,Moderate
80,40,40,35.34666667,87.65943319,5.52,Poor
80,40,40,23.562,85.180205,5.6,Moderate
80,40,40,25.574,80.73058987,5.62,Moderate
80,40,40,28.03333333,81.2480669,5.62,Moderate
80,40,40,29.26666667,81.33887208,5.56,Moderate
80,40,40,25.83333333,81.75705083,5.36,Poor
80,40,40,27.0,82.27588591,5.62,Moderate
80,40,40,28.03333333,81.27164686,5.5,Moderate
80,40,40,26.43333333,81.3234308,5.32,Poor
80,40,40,25.46,82.92054596,5.38,Poor
80,40,40,25.6,85.35037476,5.48,Poor
80,40,40,25.6,85.35037476,5.5,Moderate
80,40,40,27.0,82.30875268,5.54,Moderate
80,40,40,29.26666667,81.33301879,5.62,Moderate
80,40,40,25.83333333,81.76501825,5.66,Moderate
80,40,40,29.26666667,80.85214679,5.32,Poor
80,40,40,27.276,89.51231323,5.36,Poor
80,40,40,29.26666667,81.41597482,5.66,Moderate
80,40,40,29.26666667,81.33301879,5.58,Moderate
80,40,40,29.26666667,81.35659875,5.5,Moderate
80,40,40,25.574,80.84809998,5.34,Poor
80,40,40,27.276,89.57568706,5.46,Poor
80,40,40,28.03333333,81.2480669,5.6,Moderate
80,40,40,33.37333333,87.70774678,5.68,Poor
80,40,40,28.5,81.2480669,5.58,Moderate
80,40,40,21.3,80.80887896,5.32,Moderate
80,40,40,25.6,85.29615338,5.38,Poor
80,40,40,29.56666667,80.93607423,5.42,Poor
80,40,40,21.3,80.76158651,5.46,Moderate
80,40,40,27.276,89.79071895,5.52,Moderate
80,40,40,33.37333333,87.37983224,5.42,Poor
80,40,40,27.276,89.57568706,5.42,Poor
80,40,40,33.37333333,87.66686409,5.56,Poor
80,40,40,27.65454545,81.21310654,5.56,Moderate
80,40,40,22.6,83.4555416,5.6,Moderate
80,40,40,29.56666667,80.89910044,5.34,Poor
80,40,40,25.83333333,81.69673179,5.5,Moderate
80,40,40,25.574,80.80490829,5.42,Poor
80,40,40,33.37333333,87.31788153,5.36,Poor
80,40,40,21.3,80.74513545,5.64,Moderate
80,40,40,30.61666667,86.22311059,5.58,Poor
80,40,40,28.68,80.87460092,5.46,Poor
80,40,40,28.68,81.28093367,5.54,Moderate
80,40,40,25.574,80.80490829,5.46,Poor
80,40,40,33.37333333,87.66686409,5.6,Poor
80,40,40,33.37333333,87.31573903,5.32,Poor
80,40,40,28.03333333,80.83090699,5.34,Poor
80,40,40,29.56666667,81.32956516,5.56,Moderate
80,40,40,28.5,81.35662033,5.66,Moderate
80,40,40,26.43333333,81.34235514,5.52,Moderate
80,40,40,29.26666667,80.90840736,5.34,Poor
80,40,40,21.3,80.75338962,5.68,Moderate
80,40,40,33.37333333,87.37983224,5.38,Poor
80,40,40,25.83333333,81.74625005,5.68,Moderate
80,40,40,28.5,80.82453272,5.36,Poor
80,40,40,27.86666667,80.83253209,5.32,Poor
80,40,40,25.81818182,83.63858983,5.58,Moderate
80,40,40,25.83333333,81.71385913,5.42,Poor
80,40,40,28.33333333,80.88205243,5.44,Poor
80,40,40,25.83333333,81.71385913,5.44,Poor
80,40,40,28.68,81.28440641,5.52,Moderate
80,40,40,26.43333333,81.41188616,5.64,Moderate
80,40,40,25.574,81.03382714,5.66,Moderate
80,40,40,27.65454545,80.79009333,5.34,Poor
80,40,40,28.33333333,80.83090699,5.34,Poor
80,40,40,26.43333333,81.31372258,5.38,Poor
80,40,40,27.65454545,81.16878591,5.48,Poor
80,40,40,28.68,80.87224983,5.4,Poor
80,40,40,30.43,84.80602687,5.66,Poor
80,40,40,26.36666667,82.7375839,5.34,Poor
80,40,40,25.6,85.36614692,5.54,Moderate
80,40,40,26.36666667,83.18435623,5.54,Moderate
80,40,40,28.68,81.2480669,5.6,Moderate
80,40,40,28.03333333,80.87460092,5.46,Poor
80,40,40,30.43,84.72593828,5.6,Poor
80,40,40,29.56666667,81.40097782,5.68,Moderate
80,40,40,22.6,83.38542397,5.48,Moderate
80,40,40,23.562,85.16251212,5.48,Moderate
80,40,40,25.6,85.38203637,5.64,Moderate
80,40,40,21.3,80.75609557,5.5,Moderate
80,40,40,33.58333333,87.31831299,5.32,Poor
80,40,40,30.61666667,86.24308085,5.5,Poor
80,40,40,29.56666667,80.84283987,5.32,Poor
80,40,40,29.56666667,81.37282026,5.64,Moderate
80,40,40,22.6,83.11552622,5.44,Moderate
80,40,40,25.46,83.25664287,5.68,Moderate
80,40,40,30.43,84.72593828,5.58,Poor
80,40,40,27.276,89.79263967,5.58,Moderate
80,40,40,28.68,81.2480669,5.62,Moderate
80,40,40,21.3,80.76492884,5.38,Moderate
80,40,40,28.68,81.35662033,5.66,Moderate
80,40,40,27.276,89.79263967,5.68,Moderate
80,40,40,25.574,80.84809998,5.36,Poor
80,40,40,29.26666667,80.9497502,5.38,Poor
80,40,40,30.61666667,85.92286877,5.4,Poor
80,40,40,27.276,89.79263967,5.62,Moderate
80,40,40,26.43333333,81.40028478,5.68,Moderate
80,40,40,26.43333333,81.36137325,5.36,Poor
80,40,40,26.36666667,83.09468141,5.48,Poor
80,40,40,21.3,80.75072171,5.54,Moderate
80,40,40,26.43333333,81.31372258,5.4,Poor
80,40,40,28.03333333,81.20959957,5.48,Poor
80,40,40,33.58333333,87.66943805,5.58,Poor
80,40,40,23.562,85.17828428,5.54,Moderate
80,40,40,35.34666667,87.65596045,5.56,Poor
80,40,40,28.5,81.2480669,5.62,Moderate
80,40,40,28.03333333,81.2539202,5.56,Moderate
80,40,40,25.6,85.25564127,5.32,Poor
80,40,40,27.65454545,80.83378726,5.46,Poor
80,40,40,27.276,89.51231323,5.34,Poor
80,40,40,22.6,83.43025665,5.5,Moderate
80,40,40,28.03333333,81.34912031,5.68,Moderate
80,40,40,25.46,82.93330622,5.46,Poor
80,40,40,28.68,80.83090699,5.34,Poor
80,40,40,22.03333333,82.91984927,5.36,Moderate
80,40,40,30.61666667,86.25236766,5.54,Poor
80,40,40,33.58333333,87.39657785,5.44,Poor
80,40,40,25.81818182,83.21510452,5.34,Poor
80,40,40,30.61666667,86.29018962,5.68,Poor
80,40,40,28.03333333,81.28093367,5.54,Moderate
80,40,40,27.65454545,81.24012002,5.54,Moderate
80,40,40,35.34666667,87.36892861,5.4,Poor
80,40,40,28.03333333,80.77464642,5.32,Poor
80,40,40,28.68,80.77464642,5.32,Poor
80,40,40,28.68,80.88205243,5.44,Poor
80,40,40,26.36666667,82.82868083,5.38,Poor
80,40,40,30.61666667,86.22311059,5.6,Poor
80,40,40,35.34666667,87.65596045,5.6,Poor
80,40,40,27.65454545,81.31399674,5.66,Moderate
80,40,40,25.574,81.01147268,5.68,Moderate
80,40,40,26.43333333,81.34235514,5.5,Moderate
80,40,40,25.46,83.25485808,5.54,Moderate
80,40,40,27.65454545,80.73383276,5.32,Poor
80,40,40,35.34666667,87.6629955,5.64,Poor
80,40,40,22.6,83.09802635,5.42,Moderate
80,40,40,28.5,80.86788078,5.42,Poor
80,40,40,25.574,80.80490829,5.44,Poor
80,40,40,27.65454545,81.20725324,5.58,Moderate
80,40,40,29.56666667,80.95024588,5.44,Poor
80,40,40,35.34666667,87.65596045,5.62,Poor
80,40,40,33.58333333,87.66943805,5.54,Poor
80,40,40,21.3,80.75072171,5.56,Moderate
80,40,40,25.574,80.80454365,5.5,Moderate
80,40,40,23.562,85.180205,5.56,Moderate
80,40,40,28.5,80.87460092,5.46,Poor
80,40,40,29.56666667,81.32371187,5.62,Moderate
80,40,40,29.56666667,80.94044328,5.38,Poor
80,40,40,27.276,89.57568706,5.38,Poor
80,40,40,28.03333333,80.87224983,5.4,Poor
80,40,40,25.46,82.91617691,5.42,Poor
80,40,40,30.61666667,86.26935154,5.64,Poor
80,40,40,29.56666667,81.4066679,5.66,Moderate
80,40,40,35.34666667,87.30697789,5.34,Poor
80,40,40,21.3,80.81565473,5.34,Moderate
80,40,40,25.574,80.80326983,5.58,Moderate
80,40,40,25.574,80.80490829,5.4,Poor
80,40,40,23.562,85.19072401,5.66,Moderate
80,40,40,25.46,82.84710213,5.34,Poor
80,40,40,26.36666667,83.20986161,5.66,Moderate
80,40,40,29.26666667,80.94538115,5.42,Poor
80,40,40,28.33333333,80.82453272,5.36,Poor
80,40,40,29.26666667,81.33301879,5.6,Moderate
80,40,40,30.61666667,85.93704042,5.46,Poor
80,40,40,25.83333333,81.71385913,5.46,Poor
80,40,40,23.562,85.180205,5.58,Moderate
80,40,40,22.6,83.06230358,5.4,Moderate
80,40,40,25.83333333,81.69696515,5.58,Moderate
80,40,40,23.562,85.10829075,5.46,Moderate
80,40,40,22.6,82.95021172,5.34,Moderate
80,40,40,29.4,79.76194807,5.32,Poor
80,40,40,29.26666667,80.9595528,5.44,Poor
80,40,40,29.56666667,81.28524453,5.48,Poor
80,40,40,25.574,80.82512766,5.54,Moderate
80,40,40,25.46,82.85921819,5.36,Poor
80,40,40,25.574,80.8093555,5.52,Moderate
80,40,40,33.37333333,87.66686409,5.58,Poor
80,40,40,28.68,80.82453272,5.36,Poor
80,40,40,35.34666667,87.3048354,5.32,Poor
80,40,40,30.61666667,86.30319918,5.66,Poor
80,40,40,29.26666667,80.9497502,5.4,Poor
80,40,40,28.33333333,81.35093025,5.68,Moderate
80,40,40,25.6,85.36806763,5.56,Moderate
80,40,40,28.33333333,80.87224983,5.4,Poor
80,40,40,28.33333333,81.20959957,5.48,Poor
80,40,40,23.562,85.10829075,5.4,Moderate
80,40,40,26.43333333,81.28836923,5.44,Poor
20,60,20,30.43,51.20273143,5.38,Poor
20,60,20,25.66666667,50.51602831,5.46,Poor
20,60,20,22.03333333,45.98019615,5.34,Moderate
20,60,20,25.66666667,50.55268345,5.56,Moderate
20,60,20,26.36666667,49.94312222,5.5,Moderate
20,60,20,25.66666667,50.63040823,5.36,Poor
20,60,20,34.01,46.8503352,5.64,Poor
20,60,20,25.6,45.8698342,5.44,Poor
20,60,20,26.43333333,50.43542974,5.6,Moderate
20,60,20,28.03333333,51.20680242,5.6,Moderate
20,60,20,26.64666667,50.4714485,5.46,Poor
20,60,20,22.6,43.7292853,5.38,Moderate
20,60,20,22.03333333,41.16101261,5.58,Moderate
20,60,20,22.6,38.91987258,5.68,Moderate
20,60,20,33.37333333,48.3883812,5.36,Poor
20,60,20,30.43,51.10510865,5.48,Poor
20,60,20,25.66666667,50.66559517,5.44,Poor
20,60,20,33.37333333,47.34039608,5.54,Poor
20,60,20,28.64818182,51.53994762,5.52,Moderate
20,60,20,28.33333333,51.65228771,5.48,Poor
20,60,20,33.37333333,47.82488549,5.46,Poor
20,60,20,30.43,51.08448098,5.46,Poor
20,60,20,26.36666667,50.64358763,5.38,Poor
20,60,20,33.37333333,46.65965567,5.66,Poor
20,60,20,22.6,41.06000398,5.5,Moderate
20,60,20,22.07,43.05241915,5.42,Moderate
20,60,20,25.6,46.40089629,5.56,Moderate
20,60,20,28.33333333,51.4539655,5.54,Moderate
20,60,20,28.03333333,50.6211451,5.68,Moderate
20,60,20,22.6,41.11484882,5.52,Moderate
20,60,20,30.43,50.65955866,5.5,Poor
20,60,20,20.1,47.92261861,5.68,Moderate
20,60,20,33.37333333,47.46411161,5.52,Poor
20,60,20,28.03333333,51.46755229,5.4,Poor
20,60,20,26.43333333,50.27164218,5.42,Poor
20,60,20,26.36666667,50.65050756,5.34,Poor
20,60,20,34.01,47.29224437,5.5,Poor
20,60,20,26.43333333,50.65429167,5.36,Poor
20,60,20,34.01,46.95352267,5.62,Poor
20,60,20,33.37333333,48.74481785,5.32,Poor
20,60,20,30.43,51.19808237,5.34,Poor
20,60,20,26.36666667,50.48314084,5.48,Poor
20,60,20,20.1,45.67898087,5.52,Moderate
20,60,20,22.03333333,42.48524329,5.48,Moderate
20,60,20,30.43,50.993219,5.54,Poor
20,60,20,28.03333333,51.73204136,5.36,Poor
20,60,20,28.03333333,51.09155841,5.62,Moderate
20,60,20,34.01,48.31172566,5.4,Poor
20,60,20,34.01,48.93239494,5.32,Poor
20,60,20,28.03333333,51.78583786,5.46,Poor
20,60,20,28.33333333,51.98083988,5.32,Poor
20,60,20,26.43333333,50.27164218,5.4,Poor
20,60,20,28.68,51.50756647,5.58,Moderate
20,60,20,26.43333333,50.5159844,5.52,Moderate
20,60,20,28.68,51.33864302,5.36,Poor
20,60,20,28.33333333,51.642199,5.36,Poor
20,60,20,28.03333333,51.34102998,5.5,Moderate
20,60,20,33.37333333,48.21905425,5.44,Poor
20,60,20,22.03333333,41.48897347,5.54,Moderate
20,60,20,22.6,42.80099024,5.42,Moderate
20,60,20,22.6,45.68274206,5.32,Moderate
20,60,20,33.37333333,48.4296855,5.34,Poor
20,60,20,26.36666667,50.63893857,5.36,Poor
20,60,20,20.1,46.70827161,5.36,Moderate
20,60,20,26.36666667,50.52684863,5.46,Poor
20,60,20,25.66666667,50.08274856,5.54,Moderate
20,60,20,22.03333333,42.01229306,5.66,Moderate
20,60,20,29.26666667,52.60304475,5.34,Poor
20,60,20,20.1,46.53236887,5.4,Moderate
20,60,20,25.66666667,50.47625032,5.48,Poor
20,60,20,20.1,45.78867944,5.56,Moderate
20,60,20,30.43,50.68132802,5.62,Poor
20,60,20,34.01,47.53107561,5.54,Poor
20,60,20,30.43,49.92649964,5.68,Poor
20,60,20,26.36666667,50.70931778,5.56,Moderate
20,60,20,30.43,50.79324033,5.4,Poor
20,60,20,30.43,50.84406352,5.6,Poor
20,60,20,26.36666667,50.25628907,5.4,Poor
20,60,20,22.07,46.34142569,5.32,Moderate
20,60,20,22.07,45.83236046,5.36,Moderate
20,60,20,34.01,47.85196584,5.48,Poor
20,60,20,30.43,51.16264043,5.52,Poor
20,60,20,30.43,51.36306358,5.58,Poor
20,60,20,22.03333333,43.99361342,5.38,Moderate
20,60,20,30.43,51.19808237,5.36,Poor
20,60,20,25.66666667,49.86018195,5.62,Moderate
20,60,20,26.36666667,50.36292107,5.52,Moderate
20,60,20,22.6,40.90958369,5.58,Moderate
20,60,20,33.37333333,47.40269164,5.56,Poor
20,60,20,28.64818182,51.32292664,5.54,Moderate
20,60,20,11.2,43.51945636,5.38,Poor
20,60,20,30.43,51.397368,5.56,Poor
20,60,20,26.36666667,50.68103783,5.58,Moderate
20,60,20,22.6,41.30024254,5.62,Moderate
20,60,20,26.36666667,50.25628907,5.42,Poor
20,60,20,27.23333333,50.72021455,5.62,Moderate
20,60,20,25.66666667,49.67108967,5.66,Moderate
20,60,20,26.36666667,49.07043032,5.68,Moderate
20,60,20,25.6,47.02513496,5.62,Moderate
20,60,20,25.66666667,49.78304881,5.5,Moderate
20,60,20,28.03333333,51.74213007,5.48,Poor
20,60,20,34.01,47.55849204,5.58,Poor
20,60,20,30.43,50.56023945,5.66,Poor
20,60,20,30.43,51.35248331,5.44,Poor
20,60,20,26.64666667,50.12053187,5.66,Moderate
20,60,20,27.23333333,49.88975831,5.68,Moderate
20,60,20,22.07,42.92391904,5.44,Moderate
20,60,20,22.03333333,46.34142569,5.32,Moderate
20,60,20,26.36666667,49.8237942,5.66,Moderate
20,60,20,28.33333333,50.86437809,5.66,Moderate
20,60,20,22.07,42.64054345,5.46,Moderate
20,60,20,28.03333333,51.73669042,5.38,Poor
20,60,20,11.2,42.71566707,5.62,Moderate
20,60,20,22.03333333,43.14305801,5.4,Moderate
20,60,20,30.43,51.53099387,5.32,Poor
20,60,20,28.64818182,51.21663422,5.42,Poor
20,60,20,28.03333333,50.92806845,5.64,Moderate
20,60,20,33.37333333,46.65965567,5.64,Poor
20,60,20,25.6,46.85812422,5.58,Moderate
20,60,20,26.36666667,50.98341906,5.32,Poor
20,60,20,33.37333333,48.12104613,5.4,Poor
20,60,20,26.64666667,50.56272043,5.38,Poor
20,60,20,25.66666667,50.64266217,5.34,Poor
20,60,20,26.43333333,50.13369149,5.64,Moderate
20,60,20,22.6,45.33924499,5.36,Moderate
20,60,20,11.2,42.56897238,5.46,Poor
20,60,20,34.01,48.3086956,5.42,Poor
20,60,20,23.14,47.07043681,5.52,Moderate
20,60,20,22.6,42.67249013,5.44,Moderate
20,60,20,28.03333333,51.76082883,5.52,Moderate
20,60,20,25.66666667,50.5244035,5.58,Moderate
20,60,20,25.66666667,49.98824716,5.6,Moderate
20,60,20,26.36666667,50.24282197,5.54,Moderate
20,60,20,28.64818182,51.48112329,5.34,Poor
20,60,20,25.6,46.09813387,5.52,Moderate
20,60,20,22.6,41.12135767,5.56,Moderate
20,60,20,22.07,41.37278658,5.56,Moderate
20,60,20,28.03333333,51.54380786,5.54,Moderate
20,60,20,28.33333333,51.96399783,5.44,Poor
20,60,20,22.6,40.74888266,5.6,Moderate
20,60,20,28.33333333,51.7529819,5.58,Moderate
20,60,20,26.36666667,50.01288649,5.62,Moderate
20,60,20,28.64818182,51.10032652,5.5,Moderate
20,60,20,26.64666667,50.42774071,5.48,Poor
20,60,20,28.68,51.34329208,5.38,Poor
20,60,20,26.64666667,50.02664062,5.5,Moderate
20,60,20,30.43,50.79324033,5.42,Poor
20,60,20,26.43333333,50.99877217,5.32,Poor
20,60,20,25.6,46.96939101,5.66,Moderate
20,60,20,34.01,46.8503352,5.66,Poor
20,60,20,22.6,41.27951249,5.64,Moderate
20,60,20,25.6,45.84353176,5.5,Moderate
20,60,20,26.43333333,51.01049811,5.58,Moderate
20,60,20,20.1,46.1893155,5.44,Moderate
20,60,20,33.37333333,47.36781251,5.58,Poor
20,60,20,20.1,45.70998173,5.54,Moderate
20,60,20,29.26666667,52.71411789,5.56,Moderate
20,60,20,28.64818182,51.65004675,5.58,Moderate
20,60,20,20.1,46.53236887,5.42,Moderate
20,60,20,28.68,51.67155452,5.32,Poor
20,60,20,22.6,41.60574381,5.66,Moderate
20,60,20,28.33333333,51.25118763,5.5,Moderate
20,60,20,28.03333333,51.84282425,5.58,Moderate
20,60,20,34.01,48.61726259,5.34,Poor
20,60,20,26.36666667,49.84939652,5.64,Moderate
20,60,20,26.36666667,50.67641549,5.44,Poor
20,60,20,22.03333333,39.29603852,5.68,Moderate
20,60,20,29.26666667,52.88735335,5.44,Poor
20,60,20,26.64666667,50.28402183,5.62,Moderate
20,60,20,25.66666667,50.97557366,5.32,Poor
20,60,20,33.37333333,46.76284314,5.62,Poor
20,60,20,28.03333333,51.8716789,5.56,Moderate
20,60,20,20.1,45.78304777,5.48,Moderate
20,60,20,34.01,46.2997309,5.68,Poor
20,60,20,20.1,45.78304777,5.46,Moderate
20,60,20,33.37333333,48.11801607,5.42,Poor
20,60,20,27.23333333,50.83498697,5.6,Moderate
20,60,20,30.61666667,50.98797278,5.6,Poor
20,60,20,28.03333333,50.92806845,5.66,Moderate
20,60,20,25.66666667,50.24546875,5.4,Poor
20,60,20,33.37333333,48.32509401,5.38,Poor
20,60,20,26.36666667,50.14095169,5.6,Moderate
20,60,20,34.01,48.01556502,5.46,Poor
20,60,20,28.68,50.52653252,5.68,Moderate
20,60,20,26.43333333,50.65894074,5.38,Poor
20,60,20,26.43333333,50.54099343,5.46,Poor
20,60,20,22.07,41.16101261,5.58,Moderate
20,60,20,22.03333333,43.05241915,5.42,Moderate
20,60,20,22.07,41.00031158,5.6,Moderate
20,60,20,26.64666667,49.33544074,5.68,Moderate
20,60,20,34.01,48.5126711,5.38,Poor
20,60,20,34.01,47.16874949,5.6,Poor
20,60,20,26.43333333,50.49728564,5.48,Poor
20,60,20,22.07,41.31143289,5.5,Moderate
20,60,20,28.64818182,50.52653252,5.68,Moderate
20,60,20,27.23333333,50.9444666,5.52,Moderate
50,60,30,29.56666667,57.86158754,5.54,Moderate
50,60,30,21.3,46.26417921,5.58,Good
50,60,30,28.99454545,57.84301197,5.44,Moderate
50,60,30,28.03333333,56.32908879,5.58,Moderate
50,60,30,26.36666667,55.28789466,5.54,Moderate
50,60,30,11.2,42.31336431,5.46,Moderate
50,60,30,34.66666667,50.35938349,5.62,Moderate
50,60,30,22.6,48.79537141,5.32,Moderate
50,60,30,27.96666667,53.66617178,5.62,Moderate
50,60,30,25.83333333,52.57828271,5.4,Moderate
50,60,30,28.08181818,56.5354302,5.4,Moderate
50,60,30,34.01,53.98877835,5.44,Moderate
50,60,30,26.43333333,55.24449858,5.6,Moderate
50,60,30,22.6,45.94307344,5.66,Good
50,60,30,25.83333333,52.52795175,5.5,Moderate
50,60,30,33.58333333,51.52054003,5.64,Moderate
50,60,30,21.3,47.7099794,5.44,Moderate
50,60,30,21.3,47.75356414,5.42,Moderate
50,60,30,34.66666667,50.29213192,5.5,Moderate
50,60,30,26.36666667,55.37082641,5.34,Moderate
50,60,30,25.6,49.87604047,5.6,Moderate
50,60,30,29.56666667,57.75417767,5.36,Moderate
50,60,30,29.56666667,57.75417767,5.34,Moderate
50,60,30,33.58333333,53.64325137,5.46,Moderate
50,60,30,26.43333333,55.58235349,5.52,Moderate
50,60,30,22.676,32.2120951,5.48,Moderate
50,60,30,23.106,29.96837132,5.58,Moderate
50,60,30,23.106,32.07595277,5.42,Moderate
50,60,30,29.4,55.17817837,5.58,Moderate
50,60,30,29.26666667,57.85530169,5.54,Moderate
50,60,30,22.6,45.90661854,5.52,Good
50,60,30,33.58333333,52.89020144,5.5,Moderate
50,60,30,27.65454545,57.32985908,5.44,Moderate
50,60,30,25.83333333,52.5269939,5.34,Moderate
50,60,30,34.66666667,50.24077635,5.46,Moderate
50,60,30,25.83333333,52.50085408,5.54,Moderate
50,60,30,34.01,53.17111444,5.52,Moderate
50,60,30,22.6,45.72318298,5.5,Good
50,60,30,29.26666667,58.14334169,5.52,Moderate
50,60,30,25.6,49.95591013,5.58,Moderate
50,60,30,33.37333333,53.64325137,5.46,Moderate
50,60,30,25.6,49.51822687,5.4,Moderate
50,60,30,28.03333333,56.58152276,5.54,Moderate
50,60,30,21.704,50.89539943,5.38,Moderate
50,60,30,22.6,45.80711781,5.64,Good
50,60,30,34.66666667,50.44868354,5.4,Moderate
50,60,30,25.66666667,55.12498012,5.6,Moderate
50,60,30,33.58333333,53.79402453,5.4,Moderate
50,60,30,23.56,45.04453576,5.44,Moderate
50,60,30,21.3,49.60892359,5.36,Moderate
50,60,30,34.66666667,50.47012107,5.42,Moderate
50,60,30,11.2,44.19645817,5.66,Moderate
50,60,30,11.2,42.8394088,5.32,Moderate
50,60,30,28.03333333,56.62547883,5.32,Moderate
50,60,30,28.03333333,56.44980545,5.56,Moderate
50,60,30,25.83333333,52.75631473,5.32,Moderate
50,60,30,33.58333333,54.16268782,5.32,Moderate
50,60,30,22.676,32.78633257,5.44,Moderate
50,60,30,29.56666667,57.84135564,5.42,Moderate
50,60,30,27.96666667,53.6243032,5.66,Moderate
50,60,30,25.6,49.46399045,5.46,Moderate
50,60,30,28.68,56.45189087,5.54,Moderate
50,60,30,30.43,56.89575102,5.58,Moderate
50,60,30,27.65454545,57.05407655,5.4,Moderate
50,60,30,18.92,24.87111818,5.54,Moderate
50,60,30,34.01,53.74788783,5.46,Moderate
50,60,30,27.65454545,55.95300592,5.66,Moderate
50,60,30,25.46,54.40877013,5.64,Moderate
50,60,30,34.66666667,50.34318106,5.66,Moderate
50,60,30,29.56666667,58.20890288,5.44,Moderate
50,60,30,26.36666667,54.7332188,5.62,Moderate
50,60,30,34.01,53.9059945,5.42,Moderate
50,60,30,28.99454545,57.43588989,5.42,Moderate
50,60,30,22.6,48.6554244,5.36,Moderate
50,60,30,25.574,48.37762623,5.54,Moderate
50,60,30,27.65454545,56.84089035,5.58,Moderate
50,60,30,26.43333333,54.87823092,5.62,Moderate
50,60,30,34.66666667,50.33607072,5.52,Moderate
50,60,30,29.56666667,56.62302179,5.66,Moderate
50,60,30,29.26666667,56.80490714,5.62,Moderate
50,60,30,22.676,31.49875584,5.64,Moderate
50,60,30,23.56,43.16132918,5.62,Good
50,60,30,22.6,46.9100676,5.46,Moderate
50,60,30,21.704,51.18919945,5.44,Moderate
50,60,30,34.66666667,50.38504964,5.64,Moderate
50,60,30,28.33333333,56.52634796,5.5,Moderate
50,60,30,27.65454545,56.97181548,5.38,Moderate
50,60,30,23.106,34.10972739,5.36,Moderate
50,60,30,25.83333333,52.82927336,5.52,Moderate
50,60,30,33.58333333,51.49056234,5.66,Moderate
50,60,30,33.58333333,53.80135805,5.42,Moderate
50,60,30,33.58333333,53.87405927,5.34,Moderate
50,60,30,22.6,48.67985853,5.34,Moderate
50,60,30,29.56666667,58.14962753,5.52,Moderate
50,60,30,22.676,29.95268197,5.68,Moderate
50,60,30,21.3,46.84076412,5.66,Good
50,60,30,34.01,51.62517648,5.64,Moderate
50,60,30,27.65454545,54.77333465,5.68,Moderate
50,60,30,28.33333333,56.81843759,5.46,Moderate
50,60,30,34.66666667,50.09068819,5.56,Moderate
50,60,30,25.83333333,52.42975352,5.64,Moderate
50,60,30,22.6,47.53862291,5.38,Moderate
50,60,30,26.43333333,55.74631062,5.48,Moderate
50,60,30,26.36666667,55.23679392,5.4,Moderate
50,60,30,29.26666667,57.74789183,5.36,Moderate
50,60,30,25.6,49.49375497,5.54,Moderate
50,60,30,25.6,49.68508227,5.44,Moderate
50,60,30,34.01,53.89478708,5.38,Moderate
50,60,30,21.3,46.54562395,5.64,Good
50,60,30,25.6,50.8441996,5.68,Moderate
50,60,30,22.676,31.42290928,5.5,Moderate
50,60,30,34.66666667,50.7853809,5.68,Moderate
50,60,30,23.106,30.60072366,5.64,Moderate
50,60,30,28.99454545,57.34629531,5.38,Moderate
50,60,30,18.92,33.56365731,5.34,Moderate
50,60,30,28.08181818,56.54276371,5.42,Moderate
50,60,30,34.66666667,50.11243478,5.58,Moderate
50,60,30,33.58333333,52.19862528,5.6,Moderate
50,60,30,29.56666667,57.75176105,5.38,Moderate
50,60,30,25.83333333,52.6141593,5.6,Moderate
50,60,30,34.66666667,50.16783511,5.38,Moderate
50,60,30,26.36666667,55.36509703,5.36,Moderate
50,60,30,29.56666667,58.09011458,5.46,Moderate
50,60,30,28.68,56.35278177,5.56,Moderate
50,60,30,25.6,49.82801405,5.56,Moderate
50,60,30,30.43,56.63908705,5.6,Moderate
50,60,30,22.6,46.9100676,5.48,Moderate
50,60,30,28.08181818,56.00694078,5.6,Moderate
50,60,30,21.3,46.47230598,5.56,Good
50,60,30,28.99454545,57.34871192,5.34,Moderate
50,60,30,30.43,57.08084376,5.4,Moderate
50,60,30,21.3,46.62066866,5.52,Good
50,60,30,25.83333333,50.99651119,5.68,Moderate
50,60,30,25.574,48.28428601,5.4,Moderate
50,60,30,33.58333333,53.8841419,5.44,Moderate
50,60,30,22.766,51.19346781,5.42,Moderate
50,60,30,30.43,55.90298101,5.66,Moderate
50,60,30,26.36666667,55.53541349,5.32,Moderate
50,60,30,28.08181818,56.53900786,5.5,Moderate
50,60,30,22.6,45.52766336,5.58,Good
50,60,30,18.92,30.51449443,5.46,Moderate
50,60,30,18.92,24.64494879,5.68,Moderate
50,60,30,26.43333333,55.53176492,5.44,Moderate
50,60,30,33.58333333,53.06647799,5.52,Moderate
50,60,30,29.56666667,57.76247844,5.56,Moderate
50,60,30,22.676,31.53437952,5.62,Moderate
50,60,30,22.6,46.99595783,5.44,Moderate
50,60,30,21.3,46.4372331,5.5,Good
50,60,30,27.65454545,57.05774331,5.42,Moderate
50,60,30,27.65454545,56.91898115,5.5,Moderate
50,60,30,25.83333333,52.40629963,5.66,Moderate
50,60,30,30.43,57.33693623,5.46,Moderate
50,60,30,26.36666667,55.24046068,5.42,Moderate
50,60,30,28.68,56.80408128,5.44,Moderate
50,60,30,25.6,50.46436368,5.62,Moderate
50,60,30,26.36666667,55.36388872,5.38,Moderate
50,60,30,25.6,49.76744645,5.48,Moderate
50,60,30,21.704,51.05803954,5.42,Moderate
50,60,30,22.676,35.12863065,5.36,Moderate
50,60,30,34.01,54.26629013,5.32,Moderate
50,60,30,26.36666667,53.22683751,5.68,Moderate
50,60,30,28.5,56.5986332,5.42,Moderate
50,60,30,18.92,32.43572078,5.52,Moderate
50,60,30,26.36666667,55.46518711,5.52,Moderate
50,60,30,27.65454545,56.52239197,5.6,Moderate
50,60,30,26.43333333,55.36328464,5.38,Moderate
50,60,30,27.65454545,57.24588642,5.52,Moderate
50,60,30,21.3,49.90707032,5.32,Moderate
50,60,30,27.96666667,52.34318481,5.34,Moderate
50,60,30,34.66666667,50.28386155,5.44,Moderate
50,60,30,21.3,46.59642041,5.54,Good
50,60,30,34.01,53.89720369,5.36,Moderate
50,60,30,27.96666667,53.18784095,5.56,Moderate
50,60,30,28.03333333,56.45802706,5.36,Moderate
50,60,30,25.6,49.5576776,5.5,Moderate
50,60,30,11.2,42.12428074,5.5,Moderate
50,60,30,28.03333333,56.53907982,5.4,Moderate
50,60,30,25.83333333,52.73196732,5.46,Moderate
50,60,30,34.66666667,50.16783511,5.36,Moderate
50,60,30,23.56,43.14108815,5.64,Good
50,60,30,28.03333333,55.42348864,5.64,Moderate
50,60,30,27.65454545,56.97302379,5.36,Moderate
50,60,30,29.26666667,57.30665271,5.6,Moderate
50,60,30,28.33333333,55.99428087,5.6,Moderate
50,60,30,27.96666667,52.68236617,5.44,Moderate
50,60,30,25.46,55.46417615,5.42,Moderate
50,60,30,35.34666667,53.44942182,5.34,Moderate
50,60,30,28.03333333,55.39351095,5.66,Moderate
50,60,30,25.574,48.28793563,5.42,Moderate
50,60,30,18.92,24.39597736,5.66,Moderate
50,60,30,28.33333333,56.43349592,5.56,Moderate
50,60,30,21.3,43.40665257,5.68,Good
50,60,30,26.36666667,54.56007811,5.64,Moderate
50,60,30,22.6,47.13018143,5.4,Moderate
50,60,30,25.6,49.20776067,5.34,Moderate
50,60,30,26.36666667,55.74812301,5.48,Moderate
50,60,30,23.106,30.16344751,5.56,Moderate
50,60,30,34.66666667,50.0531744,5.6,Moderate
50,60,30,28.5,56.51145524,5.36,Moderate
50,60,30,28.33333333,56.44458223,5.34,Moderate
50,60,30,28.08181818,55.41983902,5.64,Moderate
50,60,30,33.58333333,52.53574714,5.56,Moderate
50,60,30,28.33333333,56.85325322,5.52,Moderate
50,60,30,22.6,45.87547677,5.54,Good
50,60,30,33.58333333,51.57074491,5.62,Moderate
50,60,30,22.6,47.03954257,5.42,Moderate
50,60,30,23.106,30.52203901,5.5,Moderate
50,60,30,29.26666667,57.82773627,5.4,Moderate
50,60,30,11.2,42.80905177,5.4,Moderate
50,60,30,25.6,49.52187649,5.42,Moderate
50,60,30,25.83333333,52.74095827,5.58,Moderate
50,60,30,25.83333333,52.95812121,5.48,Moderate
50,60,30,34.66666667,50.09267599,5.54,Moderate
50,60,30,23.106,34.2421291,5.32,Moderate
50,60,30,28.33333333,57.01721035,5.48,Moderate
50,60,30,34.01,53.97766158,5.34,Moderate
50,60,30,34.01,51.67538136,5.62,Moderate
50,60,30,28.03333333,56.86956275,5.52,Moderate
50,60,30,28.5,56.59129968,5.4,Moderate
50,60,30,28.99454545,57.513299,5.32,Moderate
50,60,30,28.99454545,56.29685871,5.64,Moderate
50,60,30,28.03333333,56.45681876,5.38,Moderate
50,60,30,30.43,57.13893567,5.38,Moderate
50,60,30,29.56666667,57.83402212,5.4,Moderate
50,60,30,22.676,30.95181565,5.6,Moderate
50,60,30,21.3,47.62408917,5.48,Moderate
50,60,30,28.99454545,57.27529616,5.58,Moderate
50,60,30,25.66666667,55.40937724,5.58,Moderate
50,60,30,22.6,45.49256205,5.6,Good
50,60,30,28.33333333,55.58031981,5.62,Moderate
50,60,30,25.83333333,52.52057958,5.38,Moderate
50,60,30,22.676,31.11498692,5.56,Moderate
50,60,30,21.704,52.24187291,5.68,Good
50,60,30,18.92,24.13512724,5.6,Moderate
50,60,30,22.766,52.39239749,5.68,Good
50,60,30,22.676,33.27132966,5.4,Moderate
50,60,30,26.43333333,55.37022233,5.34,Moderate
50,60,30,34.01,52.84318393,5.54,Moderate
50,60,30,28.64818182,56.53568362,5.5,Moderate
50,60,30,25.83333333,52.78960515,5.44,Moderate
50,60,30,28.68,56.3969592,5.42,Moderate
50,60,30,28.03333333,57.03351988,5.48,Moderate
50,60,30,23.56,42.69181933,5.6,Good
50,60,30,28.33333333,56.56521323,5.54,Moderate
50,60,30,21.3,46.5638747,5.62,Good
50,60,30,18.92,33.47686214,5.4,Moderate
50,60,30,21.704,51.65813347,5.54,Good
50,60,30,28.68,55.29591257,5.66,Moderate
50,60,30,23.56,46.81864984,5.32,Moderate
50,60,30,25.6,49.20134635,5.38,Moderate
50,60,30,28.03333333,56.0105904,5.6,Moderate
50,60,30,27.96666667,53.06960659,5.54,Moderate
50,60,30,23.56,46.75404996,5.34,Moderate
50,60,30,33.58333333,53.79360138,5.36,Moderate
50,60,30,22.676,35.2299119,5.34,Moderate
50,60,30,25.574,49.33242427,5.62,Moderate
50,60,30,25.6,49.81453505,5.52,Moderate
50,60,30,25.6,50.4224951,5.66,Moderate
50,60,30,34.01,52.6403836,5.56,Moderate
50,60,30,27.96666667,52.62031353,5.46,Moderate
50,60,30,29.4,55.61159487,5.46,Moderate
50,60,30,28.08181818,56.32543916,5.58,Moderate
50,60,30,29.26666667,57.74547521,5.38,Moderate
50,60,30,28.03333333,55.59662934,5.62,Moderate
50,60,30,28.64818182,55.43839285,5.66,Moderate
50,60,30,33.37333333,52.53574714,5.56,Moderate
50,60,30,23.106,32.25110311,5.4,Moderate
50,60,30,26.43333333,55.53141208,5.46,Moderate
50,60,30,34.01,53.89866099,5.4,Moderate
50,60,30,26.36666667,54.53010042,5.66,Moderate
50,60,30,26.36666667,55.38388358,5.58,Moderate
50,60,30,29.26666667,57.7561926,5.56,Moderate
50,60,30,30.43,56.06369799,5.62,Moderate
50,60,30,25.66666667,54.55499944,5.66,Moderate
50,60,30,22.6,45.82735884,5.62,Good
50,60,30,21.3,46.22907791,5.6,Good
50,60,30,23.56,45.14811517,5.42,Moderate
50,60,30,34.01,53.64917561,5.48,Moderate
50,60,30,28.68,55.49903096,5.62,Moderate
50,60,30,25.46,55.58760419,5.38,Moderate
50,60,30,25.83333333,52.52057958,5.36,Moderate
50,60,30,23.56,45.61239735,5.38,Moderate
50,60,30,34.01,50.30222,5.68,Moderate
50,60,30,26.43333333,54.70509023,5.64,Moderate
50,60,30,22.676,33.50849635,5.38,Moderate
50,60,30,33.58333333,52.40958071,5.58,Moderate
50,60,30,29.26666667,57.83506979,5.42,Moderate
50,60,30,30.43,57.08817728,5.42,Moderate
50,60,30,34.66666667,50.24811019,5.48,Moderate
50,60,30,27.96666667,53.15032716,5.6,Moderate
50,60,30,33.37333333,53.06647799,5.52,Moderate
50,60,30,25.83333333,52.59637041,5.62,Moderate
50,60,30,22.676,33.07119897,5.42,Moderate
50,60,30,29.26666667,56.64671364,5.64,Moderate
50,60,30,25.6,49.20134635,5.36,Moderate
50,60,30,20.312,24.47854542,5.68,Moderate
50,60,30,18.92,24.09408674,5.58,Moderate
50,60,30,11.2,42.8394088,5.34,Moderate
50,60,30,23.56,44.86643056,5.48,Moderate
50,60,30,26.36666667,55.09948647,5.6,Moderate
50,60,30,29.56666667,56.81119299,5.62,Moderate
50,60,30,28.33333333,56.93722589,5.44,Moderate
50,60,30,21.704,51.73663398,5.36,Moderate
50,60,30,21.3,47.844203,5.4,Moderate
50,60,30,23.56,46.72961584,5.36,Moderate
50,60,30,33.37333333,51.52054003,5.64,Moderate
50,60,30,23.106,30.0029349,5.6,Moderate
50,60,30,34.66666667,50.32915399,5.32,Moderate
50,60,30,21.704,51.73663398,5.34,Moderate
50,60,30,25.574,48.71188531,5.56,Moderate
50,60,30,28.64818182,56.45226151,5.34,Moderate
50,60,30,25.66666667,55.5295192,5.56,Moderate
50,60,30,11.2,44.24990322,5.68,Moderate
50,60,30,21.3,48.19371625,5.38,Moderate
50,60,30,29.26666667,57.74789183,5.34,Moderate
50,60,30,23.56,44.86643056,5.46,Moderate
50,60,30,34.01,52.99483789,5.5,Moderate
50,60,30,30.43,57.12102655,5.54,Moderate
50,60,30,23.56,43.64467688,5.5,Good
50,60,30,28.68,56.47436831,5.32,Moderate
50,60,30,35.34666667,53.36654732,5.38,Moderate
50,60,30,34.66666667,50.21071853,5.34,Moderate
50,60,30,22.676,31.89545192,5.66,Moderate
50,60,30,26.36666667,55.5335773,5.44,Moderate
50,60,30,28.68,56.30978123,5.36,Moderate
50,60,30,28.03333333,56.54641334,5.42,Moderate
50,60,30,27.96666667,52.30030139,5.36,Moderate
50,60,30,25.66666667,54.75811782,5.62,Moderate
50,60,30,25.574,48.01831849,5.38,Moderate
50,60,30,23.106,32.4882698,5.38,Moderate
50,60,30,30.43,57.39644918,5.52,Moderate
50,60,30,21.704,51.44951166,5.46,Moderate
50,60,30,25.574,48.83978139,5.58,Moderate
50,60,30,21.704,52.14832188,5.66,Good
50,60,30,28.33333333,55.37720142,5.66,Moderate
50,60,30,23.106,31.21678252,5.46,Moderate
50,60,30,29.56666667,55.59128975,5.68,Moderate
50,60,30,21.3,49.75675928,5.34,Moderate
50,60,30,28.03333333,54.32747254,5.68,Moderate
50,60,30,27.65454545,56.15612431,5.62,Moderate
50,60,30,29.56666667,56.65299948,5.64,Moderate
50,60,30,26.64666667,55.32914343,5.38,Moderate
50,60,30,27.65454545,56.97588848,5.34,Moderate
50,60,30,25.66666667,54.58497713,5.64,Moderate
50,60,30,34.01,51.59519879,5.66,Moderate
50,60,30,21.704,51.59154809,5.5,Good
50,60,30,26.36666667,55.53322447,5.46,Moderate
50,60,30,23.56,42.86051463,5.58,Good
50,60,30,18.92,24.43017841,5.56,Moderate
50,60,30,28.64818182,56.88241114,5.52,Moderate
50,60,30,33.58333333,53.79118477,5.38,Moderate
50,60,30,28.99454545,56.95679778,5.6,Moderate
50,60,30,25.66666667,55.16048091,5.5,Moderate
50,60,30,25.66666667,53.13263665,5.68,Moderate
50,60,30,28.33333333,56.31277926,5.58,Moderate
50,60,30,25.83333333,52.58194947,5.42,Moderate
50,60,30,21.3,47.62408917,5.46,Moderate
50,60,30,28.64818182,56.0554723,5.6,Moderate
50,60,30,28.08181818,56.45316913,5.38,Moderate
50,60,30,27.65454545,56.95784642,5.54,Moderate
50,60,30,25.46,55.11236148,5.58,Moderate
50,60,30,25.83333333,52.61306219,5.56,Moderate
90,20,120,29.03727273,81.25448978,5.02,Poor
90,20,120,34.01,86.24513178,4.98,Poor
90,20,120,34.01,86.24513178,4.96,Poor
90,20,120,23.73636364,81.60435838,5.02,Poor
90,20,120,27.90909091,80.36883109,4.88,Poor
90,20,120,28.54545455,80.63254335,4.9,Poor
90,20,120,26.73636364,80.86560062,5.1,Poor
90,20,120,34.01,86.88069248,5.12,Poor
90,20,120,23.73636364,81.61032004,5.1,Poor
90,20,120,27.65454545,81.15767888,5.1,Poor
90,20,120,34.01,86.88069248,5.18,Poor
90,20,120,28.64818182,80.35817123,4.88,Poor
90,20,120,23.73636364,81.22874966,4.96,Poor
90,20,120,18.77818182,80.85330073,5.18,Poor
90,20,120,34.01,86.88069248,5.06,Poor
90,20,120,23.73636364,80.69961671,4.86,Poor
90,20,120,23.73636364,81.61032004,5.18,Poor
90,20,120,23.73636364,81.61032004,5.14,Poor
90,20,120,34.01,86.88069248,5.16,Poor
90,20,120,27.65454545,81.15767888,5.12,Poor
90,20,120,28.64818182,81.24829026,5.1,Poor
90,20,120,23.73636364,81.61032004,5.12,Poor
90,20,120,26.51818182,81.0830979,5.14,Poor
90,20,120,23.73636364,81.43229521,5.0,Poor
90,20,120,28.64818182,80.87356065,4.98,Poor
90,20,120,28.64818182,81.25670985,5.06,Poor
90,20,120,27.65454545,80.78294928,4.98,Poor
90,20,120,26.73636364,80.86560062,5.12,Poor
90,20,120,28.50727273,81.24231737,5.16,Poor
90,20,120,34.01,86.24295666,4.94,Poor
90,20,120,27.65454545,81.15767888,5.18,Poor
90,20,120,23.73636364,81.60435838,5.04,Poor
90,20,120,22.89090909,81.59484116,5.18,Poor
90,20,120,23.73636364,81.18987364,4.92,Poor
90,20,120,34.01,86.02368984,4.9,Poor
90,20,120,28.64818182,80.3317841,4.84,Poor
90,20,120,28.64818182,81.24829026,5.14,Poor
90,20,120,27.65454545,80.23183866,4.86,Poor
90,20,120,33.58333333,85.65731828,4.86,Poor
90,20,120,29.03727273,81.25547656,5.16,Poor
90,20,120,28.64818182,81.24829026,5.18,Poor
90,20,120,26.51818182,80.7187755,4.98,Poor
90,20,120,27.90909091,80.88422051,4.98,Poor
90,20,120,28.08181818,80.60396284,4.9,Poor
90,20,120,26.51818182,81.0830979,5.18,Poor
90,20,120,18.77818182,80.85330073,5.02,Poor
90,20,120,26.51818182,80.92045516,5.0,Poor
90,20,120,29.18636364,80.35282086,4.84,Poor
90,20,120,28.08181818,80.2972307,4.82,Poor
90,20,120,29.03727273,80.36412901,4.88,Poor
90,20,120,27.90909091,81.08590017,5.0,Poor
90,20,120,29.18636364,80.85572139,4.94,Poor
90,20,120,27.65454545,81.15767888,5.14,Poor
90,20,120,23.73636364,81.01568291,4.9,Poor
90,20,120,28.54545455,81.25073696,5.08,Poor
90,20,120,28.99454545,80.36412901,4.88,Poor
90,20,120,28.08181818,81.22215645,5.06,Poor
90,20,120,26.51818182,81.1019247,5.06,Poor
90,20,120,26.73636364,80.70295789,5.0,Poor
90,20,120,34.01,86.88069248,5.02,Poor
90,20,120,27.90909091,81.25895012,5.14,Poor
90,20,120,28.50727273,80.31647715,4.86,Poor
90,20,120,28.50727273,81.24133059,5.04,Poor
90,20,120,28.64818182,81.24829026,5.16,Poor
90,20,120,28.64818182,81.07524032,5.0,Poor
90,20,120,27.65454545,80.74407326,4.94,Poor
90,20,120,26.51818182,81.0830979,5.12,Poor
90,20,120,27.90909091,80.84534449,4.94,Poor
90,20,120,23.73636364,80.7353379,4.88,Poor
90,20,120,18.77818182,80.83337157,4.84,Poor
90,20,120,29.03727273,81.26389615,5.08,Poor
90,20,120,28.64818182,81.24829026,5.12,Poor
90,20,120,34.01,86.88069248,5.08,Poor
90,20,120,29.18636364,80.34348679,4.86,Poor
90,20,120,22.89090909,81.60524837,5.06,Poor
90,20,120,28.64818182,80.87356065,4.96,Poor
90,20,120,29.03727273,81.08119809,5.0,Poor
90,20,120,28.64818182,81.24730348,5.04,Poor
90,20,120,27.65454545,81.16609847,5.08,Poor
90,20,120,26.73636364,80.86560062,5.14,Poor
90,20,120,26.51818182,80.16766489,4.86,Poor
90,20,120,26.51818182,81.09251833,5.04,Poor
90,20,120,28.99454545,80.87951843,4.96,Poor
90,20,120,22.89090909,80.68131495,4.86,Poor
90,20,120,23.73636364,81.18987364,4.94,Poor
90,20,120,27.90909091,81.25895012,5.1,Poor
90,20,120,26.73636364,80.88442742,5.06,Poor
90,20,120,26.73636364,79.95950167,4.82,Poor
90,20,120,27.65454545,81.16609847,5.06,Poor
90,20,120,29.18636364,81.26583463,5.16,Poor
90,20,120,28.08181818,81.22215645,5.08,Poor
90,20,120,28.64818182,80.83468463,4.94,Poor
90,20,120,23.73636364,81.61032004,5.16,Poor
90,20,120,34.01,86.66231849,5.0,Poor
90,20,120,29.18636364,81.26583463,5.18,Poor
90,20,120,27.90909091,81.25796334,5.02,Poor
90,20,120,26.51818182,80.67989948,4.92,Poor
90,20,120,23.73636364,80.70895077,4.82,Poor
90,20,120,28.54545455,80.32581121,4.82,Poor
90,20,120,28.5,81.25073696,5.06,Poor
90,20,120,27.90909091,80.34244396,4.84,Poor
90,20,120,26.73636364,80.88442742,5.08,Poor
90,20,120,28.64818182,80.32245004,4.86,Poor
90,20,120,28.54545455,81.24231737,5.12,Poor
90,20,120,27.65454545,81.1566921,5.04,Poor
90,20,120,22.89090909,80.69064902,4.84,Poor
90,20,120,29.03727273,80.33774188,4.82,Poor
90,20,120,23.73636364,80.70895077,4.84,Poor
90,20,120,27.65454545,80.54790486,4.9,Poor
90,20,120,27.65454545,81.1566921,5.02,Poor
90,20,120,28.5,80.86758776,4.98,Poor
90,20,120,28.50727273,81.24231737,5.1,Poor
90,20,120,22.07,81.39535426,5.0,Poor
90,20,120,28.64818182,81.24730348,5.02,Poor
90,20,120,26.73636364,80.86560062,5.16,Poor
90,20,120,28.54545455,80.82871174,4.94,Poor
90,20,120,28.64818182,80.63851624,4.9,Poor
90,20,120,34.01,85.6616032,4.86,Poor
90,20,120,22.89090909,81.41399346,5.0,Poor
90,20,120,28.54545455,80.86758776,4.96,Poor
90,20,120,27.90909091,80.6491761,4.9,Poor
90,20,120,26.51818182,81.0830979,5.1,Poor
90,20,120,28.54545455,81.24133059,5.02,Poor
90,20,120,29.18636364,80.85572139,4.92,Poor
90,20,120,28.99454545,80.32840781,4.86,Poor
90,20,120,26.73636364,80.87502105,5.02,Poor
90,20,120,22.89090909,81.17157189,4.94,Poor
90,20,120,26.73636364,80.50127822,4.96,Poor
90,20,120,34.01,86.88069248,5.04,Poor
90,20,120,27.65454545,80.24117273,4.84,Poor
90,20,120,28.08181818,81.21373686,5.14,Poor
90,20,120,29.03727273,81.25547656,5.14,Poor
90,20,120,28.50727273,81.25073696,5.08,Poor
90,20,120,28.08181818,80.83900725,4.96,Poor
90,20,120,26.73636364,80.50127822,4.98,Poor
90,20,120,28.54545455,81.24133059,5.04,Poor
90,20,120,28.5,81.24133059,5.04,Poor
90,20,120,28.99454545,81.25547656,5.18,Poor
90,20,120,26.51818182,80.48373109,4.9,Poor
90,20,120,29.18636364,80.659553,4.9,Poor
90,20,120,26.51818182,80.7187755,4.96,Poor
90,20,120,26.51818182,81.0830979,5.16,Poor
90,20,120,27.90909091,81.25895012,5.12,Poor
90,20,120,18.77818182,80.82403751,4.92,Poor
90,20,120,28.64818182,80.83468463,4.92,Poor
90,20,120,28.08181818,81.21373686,5.18,Poor
90,20,120,29.18636364,81.26484785,5.04,Poor
90,20,120,33.58333333,85.65514316,4.84,Poor
90,20,120,28.54545455,81.24231737,5.16,Poor
90,20,120,26.73636364,80.46240221,4.92,Poor
90,20,120,27.65454545,80.24117273,4.82,Poor
90,20,120,29.18636364,81.26484785,5.02,Poor
90,20,120,23.73636364,81.62914684,5.06,Poor
90,20,120,18.77818182,80.82403751,4.86,Poor
90,20,120,27.65454545,80.74407326,4.92,Poor
90,20,120,34.01,86.88069248,5.14,Poor
90,20,120,28.54545455,80.86758776,4.98,Poor
90,20,120,22.89090909,81.58605663,5.02,Poor
90,20,120,29.03727273,81.25547656,5.12,Poor
90,20,120,22.07,81.15293269,4.92,Poor
90,20,120,34.01,85.65942808,4.84,Poor
90,20,120,29.18636364,80.89459741,4.98,Poor
90,20,120,28.64818182,80.3317841,4.82,Poor
90,20,120,26.51818182,80.17699895,4.84,Poor
90,20,120,33.58333333,85.69303947,4.88,Poor
90,20,120,28.5,81.24231737,5.16,Poor
90,20,120,28.54545455,80.82871174,4.92,Poor
90,20,120,26.01818182,81.10315989,4.9,Poor
90,20,120,29.03727273,81.26389615,5.06,Poor
90,20,120,29.03727273,80.84064241,4.94,Poor
90,20,120,28.08181818,81.21275008,5.02,Poor
90,20,120,27.90909091,81.25895012,5.16,Poor
90,20,120,27.65454545,80.26755986,4.88,Poor
90,20,120,27.90909091,81.25796334,5.04,Poor
90,20,120,34.01,86.88069248,5.1,Poor
90,20,120,34.01,85.65942808,4.82,Poor
90,20,120,33.58333333,86.87640756,5.16,Poor
90,20,120,29.18636364,81.26583463,5.14,Poor
90,20,120,29.18636364,81.09155617,5.0,Poor
90,20,120,27.90909091,81.25895012,5.18,Poor
90,20,120,26.73636364,80.86560062,5.18,Poor
90,20,120,22.89090909,81.21044791,4.96,Poor
90,20,120,26.01818182,81.70400349,5.16,Poor
90,20,120,28.08181818,80.80013123,4.94,Poor
90,20,120,18.77818182,80.82403751,4.9,Poor
90,20,120,28.50727273,80.86758776,4.98,Poor
90,20,120,27.90909091,80.84534449,4.92,Poor
90,20,120,29.18636364,81.26583463,5.12,Poor
90,20,120,26.51818182,81.09251833,5.02,Poor
90,20,120,26.51818182,81.1019247,5.08,Poor
90,20,120,22.89090909,81.59484116,5.16,Poor
90,20,120,26.73636364,79.95950167,4.84,Poor
90,20,120,27.65454545,80.98462894,5.0,Poor
90,20,120,29.03727273,80.87951843,4.98,Poor
90,20,120,28.64818182,81.25670985,5.08,Poor
90,20,120,34.01,86.24295666,4.92,Poor
90,20,120,28.08181818,81.21373686,5.12,Poor
90,20,120,23.106,84.11881938,5.06,Poor
90,20,120,26.73636364,80.87502105,5.04,Poor
90,20,120,23.73636364,81.62914684,5.08,Poor
90,20,120,23.73636364,81.22874966,4.98,Poor
90,20,120,18.77818182,80.85330073,5.06,Poor
90,20,120,28.08181818,80.83900725,4.98,Poor
90,20,120,29.03727273,80.84064241,4.92,Poor
90,20,120,29.18636364,80.37920799,4.88,Poor
90,20,120,26.51818182,80.17699895,4.82,Poor
90,20,120,28.08181818,81.04068691,5.0,Poor
90,20,120,23.106,84.11881938,5.18,Poor
90,20,120,28.08181818,81.21275008,5.04,Poor
90,20,120,29.03727273,81.25547656,5.1,Poor
90,20,120,29.18636364,80.89459741,4.96,Poor
90,20,120,28.50727273,81.24231737,5.12,Poor
90,20,120,23.56,78.46020721,5.08,Poor
90,20,120,33.58333333,85.65514316,4.82,Poor
90,20,120,28.50727273,81.24133059,5.02,Poor
90,20,120,26.51818182,80.20338608,4.88,Poor
90,20,120,28.08181818,80.80013123,4.92,Poor
90,20,120,28.54545455,80.32581121,4.84,Poor
90,20,120,28.08181818,80.32361783,4.88,Poor
90,20,120,22.89090909,81.59484116,5.1,Poor
90,20,120,22.89090909,80.71703615,4.88,Poor
90,20,120,22.89090909,80.99738116,4.9,Poor
90,20,120,28.54545455,81.25073696,5.06,Poor
90,20,120,22.89090909,81.60524837,5.08,Poor
90,20,120,28.50727273,80.35219834,4.88,Poor
90,20,120,22.89090909,81.21044791,4.98,Poor
90,20,120,18.77818182,80.85330073,5.14,Poor
90,20,120,28.08181818,80.28789664,4.86,Poor
90,20,120,28.54545455,80.35219834,4.88,Poor
90,20,120,18.77818182,80.86291353,4.96,Poor
90,20,120,29.18636364,81.27425422,5.06,Poor
90,20,120,33.58333333,86.23867174,4.92,Poor
90,20,120,22.89090909,80.69064902,4.82,Poor
90,20,120,27.90909091,80.34244396,4.82,Poor
90,20,120,26.01818182,80.78709369,4.86,Poor
90,20,120,18.77818182,80.86291353,4.98,Poor
90,20,120,28.54545455,81.24231737,5.1,Poor
90,20,120,29.03727273,80.33774188,4.84,Poor
90,20,120,25.76,88.26427176,5.12,Poor
90,20,120,22.07,81.56741743,5.02,Poor
90,20,120,29.18636364,81.26583463,5.1,Poor
100,40,90,26.45454545,82.91608411,6.02,Poor
100,40,90,22.89090909,83.19038543,5.96,Poor
100,40,90,28.64818182,82.75385868,6.02,Poor
100,40,90,27.65454545,82.59932329,6.08,Poor
100,40,90,26.45454545,82.94924385,6.16,Poor
100,40,90,22.89090909,83.3132291,5.86,Poor
100,40,90,22.89090909,83.191875,5.98,Poor
100,40,90,27.65454545,82.65373313,5.92,Poor
100,40,90,28.99454545,82.73981892,6.16,Poor
100,40,90,26.01818182,83.61320285,5.86,Poor
100,40,90,28.64818182,82.75164466,6.0,Poor
100,40,90,28.64818182,82.86878709,5.82,Poor
100,40,90,26.01818182,83.4804571,6.02,Poor
100,40,90,28.64818182,82.86878709,5.88,Poor
100,40,90,28.64818182,82.84240297,5.98,Poor
100,40,90,22.89090909,83.27286963,5.94,Poor
100,40,90,28.99454545,82.69996095,6.0,Poor
100,40,90,28.64818182,82.87215228,5.9,Poor
100,40,90,28.08181818,82.69812966,5.94,Poor
100,40,90,27.65454545,82.55909764,6.06,Poor
100,40,90,28.64818182,82.7439434,6.04,Poor
100,40,90,28.64818182,82.8306066,5.96,Poor
100,40,90,28.99454545,82.81478684,5.86,Poor
100,40,90,27.65454545,82.63882207,6.12,Poor
100,40,90,28.08181818,82.61151035,6.0,Poor
100,40,90,27.65454545,82.58116751,6.02,Poor
100,40,90,28.08181818,82.59501104,6.04,Poor
100,40,90,28.64818182,82.7808125,6.08,Poor
100,40,90,26.45454545,83.02237137,5.84,Poor
100,40,90,27.65454545,82.57895349,6.0,Poor
100,40,90,28.64818182,82.76552191,6.18,Poor
100,40,90,26.45454545,82.96283628,6.1,Poor
100,40,90,22.89090909,83.32400605,5.82,Poor
100,40,90,28.08181818,82.70226866,5.98,Poor
100,40,90,27.65454545,82.72770991,5.84,Poor
100,40,90,26.45454545,83.04824889,5.9,Poor
100,40,90,26.01818182,83.55213501,6.12,Poor
100,40,90,27.65454545,82.65373313,5.94,Poor
100,40,90,22.89090909,83.23764137,6.18,Moderate
100,40,90,22.89090909,83.09576221,6.08,Moderate
100,40,90,26.01818182,83.54865269,6.14,Poor
100,40,90,28.08181818,82.66788946,6.1,Poor
100,40,90,28.64818182,82.83826398,5.94,Poor
25,60,100,18.77818182,40.30201534,4.84,Poor
25,60,100,26.73636364,88.3932167,5.0,Poor
25,60,100,23.73636364,88.55246259,5.1,Poor
25,60,100,23.73636364,88.55246259,5.06,Poor
25,60,100,25.81818182,87.81582038,4.92,Poor
25,60,100,28.99454545,88.90326093,5.18,Poor
25,60,100,26.73636364,86.84771835,4.84,Poor
25,60,100,27.65454545,87.65958726,4.96,Poor
25,60,100,22.89090909,88.59606087,5.12,Poor
25,60,100,27.65454545,87.65958726,4.98,Poor
25,60,100,23.73636364,88.55246259,5.12,Poor
25,60,100,26.51818182,88.61633925,5.06,Poor
25,60,100,28.64818182,86.66968428,4.84,Poor
25,60,100,23.73636364,86.7838417,4.84,Poor
25,60,100,22.89090909,87.78020582,4.96,Poor
25,60,100,26.43333333,89.70382908,5.0,Poor
25,60,100,26.51818182,88.61633925,5.1,Poor
25,60,100,23.73636364,88.55246259,5.02,Poor
25,60,100,23.73636364,87.73660754,4.98,Poor
25,60,100,4.9,39.8536517,4.94,Poor
25,60,100,27.90909091,88.93812759,5.16,Poor
25,60,100,25.81818182,88.63167542,5.08,Poor
25,60,100,28.64818182,87.62245012,4.92,Poor
25,60,100,18.77818182,40.82540413,4.98,Poor
25,60,100,29.18636364,86.67298089,4.86,Poor
25,60,100,26.51818182,88.61633925,5.12,Poor
25,60,100,29.03727273,87.62015247,4.96,Poor
25,60,100,4.9,40.94145994,5.06,Poor
25,60,100,28.08181818,87.63072221,4.96,Poor
25,60,100,26.51818182,87.8004842,4.94,Poor
25,60,100,29.03727273,87.16489689,4.9,Poor
25,60,100,23.73636364,88.32934004,5.0,Poor
25,60,100,28.64818182,88.90555859,5.16,Poor
25,60,100,28.99454545,87.62015247,4.92,Poor
25,60,100,29.03727273,88.21434678,5.0,Poor
25,60,100,22.89090909,87.32828041,4.9,Poor
25,60,100,26.43333333,89.92695163,5.12,Poor
25,60,100,29.18636364,88.9088552,5.18,Poor
25,60,100,22.89090909,88.59606087,5.02,Poor
25,60,100,22.676,87.18631655,5.1,Poor
25,60,100,22.89090909,88.59606087,5.08,Poor
25,60,100,22.89090909,86.83077014,4.84,Poor
25,60,100,15.5,40.94145994,5.1,Poor
25,60,100,23.73636364,88.55246259,5.08,Poor
25,60,100,28.08181818,88.91383067,5.16,Poor
25,60,100,28.99454545,86.66738662,4.86,Poor
25,60,100,29.18636364,88.4430636,5.04,Poor
25,60,100,26.51818182,86.88343955,4.88,Poor
25,60,100,25.81818182,89.09746702,5.18,Poor
25,60,100,27.90909091,88.47233599,5.04,Poor
25,60,100,4.9,39.8536517,4.92,Poor
25,60,100,27.65454545,87.65958726,4.94,Poor
25,60,100,27.65454545,88.94269572,5.18,Poor
25,60,100,28.54545455,88.43976698,5.04,Poor
25,60,100,25.81818182,87.81582038,4.98,Poor
25,60,100,18.77818182,41.91939007,5.1,Poor
25,60,100,27.65454545,86.70682141,4.86,Poor
25,60,100,22.676,86.07159572,4.82,Poor
25,60,100,29.18636364,88.4430636,5.08,Poor
25,60,100,28.99454545,87.62015247,4.98,Poor
25,60,100,25.81818182,87.3605648,4.9,Poor
25,60,100,19.94545455,45.31853855,5.14,Poor
25,60,100,28.64818182,88.21664444,5.0,Poor
25,60,100,27.65454545,88.47690412,5.04,Poor
25,60,100,29.03727273,88.43746933,5.06,Poor
25,60,100,27.65454545,88.47690412,5.02,Poor
25,60,100,28.5,88.21664444,5.0,Poor
25,60,100,4.9,39.32408522,4.84,Poor
25,60,100,22.89090909,87.78020582,4.94,Poor
25,60,100,28.64818182,86.66968428,4.86,Poor
25,60,100,22.676,86.65416746,4.92,Poor
25,60,100,26.73636364,87.8004842,4.92,Poor
25,60,100,28.08181818,87.63072221,4.98,Poor
25,60,100,28.64818182,88.43976698,5.04,Poor
25,60,100,28.08181818,88.91383067,5.18,Poor
25,60,100,22.676,86.38329503,4.9,Poor
25,60,100,28.08181818,86.67795636,4.82,Poor
25,60,100,22.676,87.18631655,5.02,Poor
25,60,100,23.73636364,86.7838417,4.82,Poor
25,60,100,18.77818182,42.10053037,5.14,Poor
25,60,100,22.676,86.10731691,4.88,Poor
25,60,100,22.89090909,89.06185247,5.16,Poor
25,60,100,26.73636364,88.61633925,5.04,Poor
25,60,100,27.90909091,88.47233599,5.1,Poor
25,60,100,22.676,86.65416746,4.94,Poor
25,60,100,27.90909091,86.73797448,4.88,Poor
25,60,100,29.18636364,87.62574674,4.96,Poor
25,60,100,26.73636364,87.8004842,4.96,Poor
25,60,100,27.90909091,88.47233599,5.02,Poor
25,60,100,28.08181818,88.44803907,5.1,Poor
25,60,100,23.73636364,89.01825419,5.16,Poor
25,60,100,26.6,88.61633925,5.06,Poor
25,60,100,26.73636364,86.84771835,4.82,Poor
25,60,100,29.18636364,87.62574674,4.94,Poor
25,60,100,23.73636364,86.7838417,4.86,Poor
25,60,100,27.65454545,88.47690412,5.1,Poor
25,60,100,26.51818182,87.8004842,4.92,Poor
25,60,100,29.18636364,88.4430636,5.14,Poor
25,60,100,28.08181818,88.44803907,5.08,Poor
25,60,100,28.64818182,87.62245012,4.94,Poor
25,60,100,27.90909091,87.65501913,4.92,Poor
25,60,100,27.90909091,88.47233599,5.08,Poor
25,60,100,27.65454545,87.20433168,4.9,Poor
25,60,100,23.73636364,88.55246259,5.04,Poor
25,60,100,27.90909091,86.70225329,4.82,Poor
25,60,100,25.81818182,88.63167542,5.02,Poor
25,60,100,27.65454545,88.47690412,5.08,Poor
25,60,100,4.9,39.32408522,4.86,Poor
25,60,100,28.64818182,86.70540547,4.88,Poor
25,60,100,28.54545455,87.62245012,4.92,Poor
25,60,100,27.90909091,88.47233599,5.06,Poor
25,60,100,4.9,39.84747401,4.98,Poor
25,60,100,22.89090909,86.86649133,4.88,Poor
25,60,100,22.03333333,88.85116997,5.18,Poor
25,60,100,25.81818182,88.40855288,5.0,Poor
25,60,100,29.18636364,86.70870209,4.88,Poor
25,60,100,15.5,41.62819401,5.18,Poor
25,60,100,22.676,87.18631655,5.04,Poor
25,60,100,25.81818182,88.63167542,5.1,Poor
25,60,100,27.65454545,88.47690412,5.12,Poor
25,60,100,26.6,86.84771835,4.82,Poor
25,60,100,23.73636364,87.28135197,4.9,Poor
25,60,100,22.89090909,88.59606087,5.14,Poor
25,60,100,29.03727273,88.90326093,5.18,Poor
25,60,100,18.77818182,42.08955249,5.12,Poor
25,60,100,28.08181818,86.71367756,4.88,Poor
25,60,100,28.64818182,88.43976698,5.12,Poor
25,60,100,25.81818182,86.86305453,4.82,Poor
25,60,100,23.73636364,87.73660754,4.94,Poor
25,60,100,29.18636364,88.4430636,5.02,Poor
25,60,100,26.51818182,88.61633925,5.08,Poor
25,60,100,27.03636364,86.84802402,4.82,Poor
25,60,100,26.73636364,88.61633925,5.12,Poor
25,60,100,22.676,87.18557906,5.0,Poor
25,60,100,27.90909091,87.65501913,4.98,Poor
25,60,100,22.89090909,88.59606087,5.04,Poor
25,60,100,27.90909091,86.70225329,4.84,Poor
25,60,100,23.73636364,86.81956289,4.88,Poor
25,60,100,19.94545455,42.96277036,4.86,Poor
25,60,100,27.65454545,88.94269572,5.16,Poor
25,60,100,28.64818182,88.90555859,5.18,Poor
25,60,100,27.65454545,88.47690412,5.14,Poor
25,60,100,22.89090909,88.59606087,5.1,Poor
25,60,100,28.99454545,88.43746933,5.12,Poor
25,60,100,29.18636364,87.62574674,4.92,Poor
25,60,100,29.03727273,87.62015247,4.92,Poor
25,60,100,28.64818182,88.43976698,5.08,Poor
25,60,100,29.03727273,87.62015247,4.98,Poor
25,60,100,20.70909091,46.26433993,5.16,Poor
25,60,100,27.65454545,86.70682141,4.82,Poor
25,60,100,29.03727273,86.70310781,4.88,Poor
25,60,100,29.03727273,86.66738662,4.86,Poor
25,60,100,28.64818182,88.43976698,5.1,Poor
25,60,100,28.08181818,87.63072221,4.92,Poor
25,60,100,26.73636364,86.88343955,4.88,Poor
25,60,100,4.9,39.8536517,4.96,Poor
25,60,100,4.9,41.62819401,5.18,Poor
25,60,100,28.54545455,87.16719455,4.9,Poor
25,60,100,26.73636364,86.84771835,4.86,Poor
25,60,100,27.90909091,88.24921345,5.0,Poor
25,60,100,28.08181818,88.44803907,5.04,Poor
25,60,100,27.65454545,87.65958726,4.92,Poor
25,60,100,26.73636364,88.61633925,5.14,Poor
25,60,100,28.54545455,88.43976698,5.14,Poor
25,60,100,29.03727273,88.90326093,5.16,Poor
25,60,100,28.64818182,87.16719455,4.9,Poor
25,60,100,25.81818182,89.09746702,5.16,Poor
25,60,100,26.01818182,87.81582038,4.94,Poor
25,60,100,28.5,88.90555859,5.18,Poor
25,60,100,22.89090909,89.06185247,5.18,Poor
25,60,100,22.03333333,87.1171107,4.9,Poor
25,60,100,27.90909091,87.65501913,4.94,Poor
25,60,100,27.65454545,88.47690412,5.06,Poor
25,60,100,25.81818182,86.86305453,4.84,Poor
25,60,100,26.51818182,86.84771835,4.82,Poor
25,60,100,25.81818182,87.81582038,4.94,Poor
25,60,100,27.65454545,86.7425426,4.88,Poor
25,60,100,26.01818182,88.63167542,5.04,Poor
25,60,100,28.64818182,88.43976698,5.06,Poor
25,60,100,26.73636364,89.08213085,5.18,Poor
25,60,100,19.94545455,45.16150133,5.1,Poor
25,60,100,27.90909091,87.19976356,4.9,Poor
25,60,100,27.90909091,88.47233599,5.12,Poor
25,60,100,22.89090909,86.83077014,4.86,Poor
25,60,100,26.51818182,86.84771835,4.86,Poor
25,60,100,23.73636364,88.55246259,5.14,Poor
25,60,100,4.9,41.11162236,5.12,Poor
25,60,100,18.77818182,40.83158183,4.96,Poor
25,60,100,27.90909091,86.70225329,4.86,Poor
25,60,100,15.5,39.54708569,4.88,Poor
25,60,100,29.18636364,87.62574674,4.98,Poor
25,60,100,4.9,41.47982992,5.16,Poor
25,60,100,28.54545455,88.43976698,5.1,Poor
25,60,100,28.54545455,88.90555859,5.16,Poor
25,60,100,4.9,40.94145994,5.1,Poor
25,60,100,22.676,87.18631655,5.14,Poor
25,60,100,23.73636364,87.73660754,4.96,Poor
25,60,100,27.65454545,88.25378157,5.0,Poor
25,60,100,15.5,40.94145994,5.08,Poor
25,60,100,27.23333333,86.70682141,4.82,Poor
25,60,100,26.01818182,87.81582038,4.96,Poor
25,60,100,18.77818182,41.91939007,5.08,Poor
25,60,100,19.94545455,44.5192465,5.02,Poor
25,60,100,29.03727273,88.43746933,5.08,Poor
25,60,100,22.89090909,88.37293832,5.0,Poor
25,60,100,25.81818182,86.89877572,4.88,Poor
25,60,100,28.54545455,86.70540547,4.88,Poor
25,60,100,25.81818182,87.81582038,4.96,Poor
25,60,100,29.18636364,87.17049117,4.9,Poor
25,60,100,27.65454545,86.70682141,4.84,Poor
25,60,100,22.676,86.07159572,4.84,Poor
25,60,100,29.18636364,86.67298089,4.84,Poor
25,60,100,26.51818182,87.8004842,4.96,Poor
25,60,100,26.73636364,87.34522862,4.9,Poor
25,60,100,26.51818182,86.84771835,4.84,Poor
25,60,100,29.18636364,88.4430636,5.12,Poor
25,60,100,28.99454545,86.70310781,4.88,Poor
25,60,100,26.73636364,89.08213085,5.16,Poor
25,60,100,23.73636364,87.73660754,4.92,Poor
25,60,100,28.99454545,88.43746933,5.06,Poor
25,60,100,19.94545455,45.82413231,5.18,Poor
25,60,100,15.5,40.38891325,5.02,Poor
25,60,100,28.64818182,87.62245012,4.98,Poor
25,60,100,26.73636364,87.8004842,4.98,Poor
25,60,100,18.77818182,40.83158183,4.94,Poor
25,60,100,23.73636364,89.01825419,5.18,Poor
25,60,100,28.54545455,86.66968428,4.86,Poor
25,60,100,29.18636364,86.67298089,4.82,Poor
25,60,100,25.81818182,86.86305453,4.86,Poor
25,60,100,28.64818182,88.43976698,5.02,Poor
25,60,100,28.99454545,88.43746933,5.14,Poor
25,60,100,4.9,39.8536517,4.9,Poor
25,60,100,26.01818182,88.40855288,5.0,Poor
25,60,100,28.5,86.66968428,4.82,Poor
25,60,100,19.94545455,44.02820472,4.94,Poor
25,60,100,22.676,87.18631655,5.08,Poor
25,60,100,29.18636364,88.9088552,5.16,Poor
25,60,100,28.99454545,87.16489689,4.9,Poor
25,60,100,26.51818182,88.3932167,5.0,Poor
25,60,100,28.50727273,87.62245012,4.92,Poor
25,60,100,22.03333333,88.39061739,5.06,Poor
25,60,100,15.5,39.8536517,4.96,Poor
25,60,100,29.03727273,88.43746933,5.14,Poor
25,60,100,18.77818182,40.30201534,4.82,Poor
25,60,100,18.77818182,41.36684337,5.0,Poor
25,60,100,15.5,39.32408522,4.86,Poor
25,60,100,26.51818182,87.34522862,4.9,Poor
25,60,100,28.54545455,87.62245012,4.94,Poor
25,60,100,4.9,40.94145994,5.08,Poor
25,60,100,28.08181818,86.67795636,4.86,Poor
25,60,100,28.54545455,86.66968428,4.84,Poor
25,60,100,28.50727273,88.90555859,5.18,Poor
25,60,100,22.89090909,88.59606087,5.06,Poor
25,60,100,26.51818182,89.08213085,5.16,Poor
25,60,100,26.73636364,88.61633925,5.1,Poor
25,60,100,4.9,39.54708569,4.88,Poor
25,60,100,22.03333333,88.85116997,5.16,Poor
25,60,100,18.77818182,41.91939007,5.06,Poor
25,60,100,28.54545455,88.43976698,5.06,Poor
119,25,51,26.47330219,80.92254421,6.283818329,Moderate
119,19,55,25.18780042,83.44621709,6.818261383,Poor
105,30,50,25.29954705,81.77527562,6.37620108,Moderate
114,8,50,24.74631269,88.30866319,6.581587932,Poor
93,22,52,26.58740671,81.32563243,6.932739726,Poor
80,26,55,24.53442564,88.989272,6.140099215,Moderate
85,27,45,26.0713757,88.7285657,6.467095849,Moderate
85,22,53,25.96534238,89.77076659,6.849471704,Moderate
82,22,45,26.22338015,85.34866045,6.512196212,Moderate
118,13,54,24.41311871,89.81574032,6.039584629,Poor
83,25,53,26.49195283,80.04678201,6.057697106,Moderate
86,15,47,24.04355803,84.18406764,6.423898762,Moderate
101,10,47,25.5421695,83.31883376,6.936997681,Poor
119,9,50,26.74550678,83.9195902,6.251286661,Poor
104,17,46,25.7131428,80.22972777,6.190015912,Poor
95,12,51,25.76484262,84.1726996,6.681606702,Poor
102,14,52,26.79489868,89.64815231,6.51075991,Poor
109,21,55,24.9004602,89.73524177,6.770278088,Moderate
81,18,50,26.80750629,88.22874955,6.429788073,Moderate
103,17,51,25.11189154,80.02621335,6.209888345,Poor
105,14,50,26.2148837,87.6883982,6.419052193,Poor
97,8,52,24.9103226,86.97190046,6.237861736,Poor
120,19,49,25.79448878,84.26830701,6.762471629,Poor
95,16,55,25.26931156,87.55055105,6.612847999,Poor
83,29,52,25.76402693,87.5931128,6.704688865,Moderate
83,9,45,25.85483596,89.13163965,6.049609892,Moderate
91,21,50,24.33528185,81.44030363,6.762030215,Moderate
116,5,54,25.37601283,80.99313508,6.65398725,Poor
112,28,54,24.86094646,85.05318563,6.738030547,Moderate
88,29,51,24.71885473,88.94568335,6.095689937,Moderate
118,15,45,24.21495706,84.20576992,6.538006356,Moderate
92,21,48,25.81692236,82.043255,6.377427122,Poor
106,14,45,24.47018505,84.16390229,6.417011754,Moderate
99,5,47,24.13078816,84.84494575,6.649086972,Poor
98,8,51,26.1793464,86.52258079,6.25933595,Poor
108,22,46,26.17668721,86.7295205,6.121168559,Poor
119,7,55,26.03867719,84.6378378,6.031424482,Poor
117,27,48,26.53259325,82.39053979,6.835268184,Moderate
109,10,53,26.81938687,87.8274604,6.551750306,Poor
80,16,46,25.50405534,81.40297428,6.940236218,Moderate
100,18,52,26.20234499,80.38266489,6.87606733,Poor
91,7,53,25.13735887,89.28272716,6.457216535,Poor
86,6,53,25.92030221,83.47202566,6.921847888,Poor
107,5,52,26.6634609,89.98405233,6.881425746,Poor
103,16,49,24.06731461,81.64075303,6.915717008,Moderate
101,20,48,24.6774157,82.75411437,6.206247494,Moderate
85,25,47,26.11440416,87.64081095,6.29542477,Moderate
84,7,51,26.81530456,87.65694462,6.399669044,Poor
102,28,54,25.15623099,80.27525115,6.862157042,Moderate
98,25,52,25.2801372,83.15393658,6.224066378,Moderate
97,25,50,26.22005978,80.90127035,6.093814669,Moderate
90,16,45,24.92093261,80.61750795,6.291540278,Moderate
95,12,46,26.21667586,81.01009354,6.32281728,Poor
82,23,49,26.81383586,87.21986949,6.873283991,Moderate
82,25,51,24.31334971,87.47409052,6.074209622,Moderate
110,28,46,24.29105004,88.04541346,6.49889585,Moderate
118,21,51,24.42998931,86.33904774,6.678805092,Moderate
120,20,45,25.66576039,88.6984228,6.114128685,Moderate
91,7,52,25.07803672,83.46230461,6.405054243,Poor
81,6,55,24.88910524,85.87059083,6.110142735,Moderate
101,13,54,25.42900869,82.91481799,6.828982708,Poor
101,17,55,24.37118217,87.1269128,6.451499764,Moderate
111,6,53,26.4930645,88.59143088,6.313512999,Poor
107,10,49,25.83202912,89.00481725,6.755192025,Poor
115,11,46,24.41592661,89.39655519,6.623167177,Poor
84,25,52,24.37190239,81.2514818,6.12532356,Moderate
120,7,47,24.24782473,83.03687902,6.653867608,Poor
91,12,46,24.64458469,85.49938185,6.343942518,Poor
89,22,52,24.89681131,86.10782926,6.217300786,Moderate
113,19,46,25.41864024,81.12122989,6.286387658,Poor
97,22,50,26.26028739,86.14585891,6.7698938,Poor
117,30,50,24.90123934,87.20772913,6.744966312,Moderate
90,14,52,24.84740848,89.20454622,6.391858432,Moderate
104,23,47,26.98212846,86.70068316,6.770434148,Moderate
81,16,45,26.90435747,86.25426228,6.727468157,Moderate
88,5,47,25.86475496,86.67468041,6.662244646,Poor
92,7,45,26.70607759,81.14149505,6.944640222,Poor
81,18,50,26.44019475,80.91934337,6.507110986,Moderate
111,5,55,26.283443,84.42478917,6.520663422,Poor
108,23,51,26.84366082,83.85039964,6.106500787,Moderate
113,30,50,26.03967219,83.9862443,6.277484043,Moderate
83,10,53,24.92994759,85.00802358,6.195142279,Moderate
101,11,51,25.50736962,84.24340241,6.792035575,Poor
114,21,55,25.4438391,87.9392312,6.472756256,Poor
99,6,45,26.12588914,86.5507939,6.000975617,Poor
92,20,55,25.10474753,87.5267616,6.587791262,Poor
92,7,48,26.27520631,86.63249555,6.956508826,Poor
91,24,55,26.27061608,83.09194521,6.259086583,Moderate
110,21,54,26.73690828,87.82430156,6.747537642,Poor
112,25,51,25.04746944,85.5667282,6.932537231,Moderate
89,25,54,24.69368934,85.56967628,6.353107393,Moderate
100,10,53,24.54356968,84.60808277,6.211748957,Poor
83,22,54,25.89762315,81.96664832,6.277245254,Moderate
95,14,50,26.6333118,84.31756844,6.560443519,Poor
119,30,49,25.35794749,80.45846265,6.903020221,Moderate
97,12,47,25.28784623,89.63667876,6.765094964,Poor
110,7,45,26.63838589,84.69546874,6.189213927,Poor
96,18,50,25.3310446,84.30533791,6.904241707,Poor
83,23,55,26.89750174,83.89241484,6.463271076,Moderate
120,24,47,26.98603693,89.4138489,6.260838965,Moderate
60,30,30,23.106,59.83288219,6.9,Good
60,30,30,22.676,60.88691103,6.5,Good
60,30,30,23.56,70.39973437,6.9,Good
60,30,30,18.92,70.92799026,6.6,Good
60,30,30,21.3,74.34299018,6.12,Good
60,30,30,27.276,60.17364014,6.3,Good
60,30,30,18.58,78.44706198,6.3,Good
60,30,30,23.562,60.03715007,6.11,Good
60,30,30,25.46,84.62741637,6.6,Good
60,30,30,18.92,71.08187595,6.9,Good
60,30,30,23.56,72.62117138,6.6,Good
60,30,30,14.7,83.32250842,6.3,Good
60,30,30,18.58,78.04346649,6.11,Good
60,30,30,25.6,60.11122853,6.11,Good
60,30,30,12.5,78.28949639,6.11,Good
60,30,30,22.676,60.86147665,6.6,Good
60,30,30,18.58,78.40246996,6.5,Good
60,30,30,22.766,59.43577965,6.1,Good
60,30,30,23.562,59.47911983,6.9,Good
60,30,30,21.3,73.02090459,6.6,Good
60,30,30,25.6,59.69215109,6.5,Good
60,30,30,30.26666667,54.4723461,6.8,Good
60,30,30,22.676,60.97356988,6.7,Good
60,30,30,22.676,60.59808619,6.8,Good
60,30,30,23.106,60.26797919,6.12,Good
60,30,30,21.704,60.80643547,6.6,Good
60,30,30,22.676,60.38068276,6.12,Good
60,30,30,22.676,60.38467875,6.4,Good
60,30,30,22.38,61.43209749,6.6,Good
60,30,30,22.766,59.50719625,6.8,Good
60,30,30,22.28,68.94314195,6.5,Good
60,30,30,25.6,60.22977973,6.3,Good
60,30,30,25.6,58.53531993,7.0,Good
60,30,30,25.6,60.10491918,6.12,Good
60,30,30,25.6,59.04772871,6.9,Good
60,30,30,23.562,59.69180175,6.4,Good
60,30,30,22.676,60.38699212,6.11,Good
60,30,30,18.92,70.95116517,6.3,Good
60,30,30,21.3,74.39152106,6.1,Good
60,30,30,14.7,83.17205821,6.9,Good
60,30,30,30.26666667,54.52714978,7.0,Good
60,30,30,14.6,80.72750289,6.1,Good
60,30,30,25.6,59.67031492,6.6,Good
60,30,30,21.3,70.62751855,6.9,Good
60,30,30,23.56,72.56724305,6.4,Good
60,30,30,10.38,83.29709739,6.6,Good
60,30,30,22.676,59.75229237,7.0,Good
60,30,30,18.92,71.07958112,6.8,Good
60,30,30,23.562,58.94814081,7.0,Good
60,30,30,22.676,60.3662491,6.1,Good
60,30,30,12.5,78.61432904,6.6,Good
60,30,30,1.18,83.30689075,6.7,Moderate
60,30,30,20.312,71.00405755,7.0,Good
60,30,30,18.92,71.03337013,6.7,Good
60,30,30,22.766,59.74072013,6.5,Good
60,30,30,20.8,77.12096828,6.6,Good
60,30,30,25.574,60.48357902,6.8,Good
60,30,30,25.6,59.283355,6.8,Good
60,30,30,23.562,60.01562773,6.1,Good
60,30,30,23.106,60.70673603,6.7,Good
60,30,30,20.8,77.21005506,6.5,Good
60,30,30,14.6,80.72750289,6.12,Good
60,30,30,27.276,60.08337316,6.5,Good
60,30,30,15.852,70.8361341,6.3,Good
60,30,30,20.312,71.14044012,6.9,Good
60,30,30,23.562,60.16100102,6.7,Good
60,30,30,12.5,78.28949639,6.12,Good
60,30,30,23.56,72.26683027,6.3,Good
60,30,30,30.26666667,54.05975251,6.3,Good
60,30,30,23.106,60.6088265,6.5,Good
60,30,30,23.106,60.26603528,6.4,Good
60,30,30,23.562,60.08024774,6.5,Good
60,30,30,25.6,59.76655802,6.7,Good
60,30,30,25.6,60.09048552,6.1,Good
60,30,30,20.8,76.52579635,6.9,Good
60,30,30,18.58,78.04346649,6.1,Good
60,30,30,20.8,76.43207585,7.0,Good
60,30,30,12.5,78.54494611,6.7,Good
60,30,30,22.28,70.01178966,6.3,Good
60,30,30,21.704,60.39684635,6.11,Good
60,30,30,21.704,60.76498828,6.5,Good
60,30,30,25.6,59.56026299,6.4,Good
60,30,30,14.6,81.1801018,6.8,Good
60,30,30,20.8,77.52650454,6.3,Good
60,30,30,14.7,83.38504779,6.5,Good
60,30,30,22.766,59.44051226,6.11,Good
60,30,30,22.28,66.96806634,7.0,Good
60,30,30,23.106,60.28478702,6.1,Good
60,30,30,10.38,83.15087616,6.9,Good
60,30,30,23.562,60.03084072,6.12,Good
60,30,30,23.562,60.25952516,6.3,Good
60,30,30,22.766,58.77203887,7.0,Good
60,30,30,18.92,70.67946196,6.12,Good
60,30,30,1.18,83.28310135,6.3,Moderate
60,30,30,22.28,68.98938609,6.6,Good
60,30,30,25.44,84.5223766,6.7,Good
60,30,30,23.562,60.03781857,6.6,Good
60,30,30,14.7,83.34253828,6.7,Good
60,30,30,27.276,59.26747248,6.12,Good
60,30,30,27.276,58.74171442,6.1,Good
60,30,30,20.8,77.36459682,6.1,Good
60,30,30,25.46,84.52609672,6.7,Good
60,30,30,20.8,76.95807893,6.7,Good
60,30,30,23.106,59.31419149,7.0,Good
60,30,30,21.704,60.56634587,6.12,Good
60,30,30,20.312,71.11257149,6.3,Good
60,30,30,20.312,70.85704728,6.12,Good
60,30,30,22.766,59.60956464,6.12,Good
60,30,30,20.312,71.0962378,6.7,Good
60,30,30,20.8,76.93699907,6.8,Good
60,30,30,22.766,60.15226048,6.3,Good
60,30,30,22.676,60.28327139,6.9,Good
60,30,30,22.766,59.53489572,6.4,Good
60,30,30,15.852,70.4415084,6.1,Good
60,30,30,23.56,72.32429916,6.11,Good
60,30,30,22.28,67.93508087,6.8,Good
60,30,30,22.676,60.78842677,6.3,Good
60,30,30,22.38,61.36674297,6.5,Good
60,30,30,22.766,59.32438651,6.9,Good
60,30,30,14.6,80.72750289,6.11,Good
60,30,30,30.26666667,54.3689143,6.5,Good
60,30,30,1.18,83.03316945,6.12,Moderate
60,30,30,27.276,59.5894386,6.4,Good
60,30,30,23.106,60.6697833,6.3,Good
60,30,30,1.18,83.0817484,7.0,Moderate
60,30,30,23.562,59.79648406,6.8,Good
60,30,30,27.276,58.74644703,6.11,Good
60,30,30,23.56,71.80090074,6.8,Good
60,30,30,22.28,70.78383358,6.12,Good
60,30,30,23.106,60.27428854,6.11,Good
60,30,30,21.3,72.72939564,6.7,Good
60,30,30,10.38,83.09621276,7.0,Good
60,30,30,20.312,71.12190401,6.8,Good
60,30,30,23.106,60.59628762,6.6,Good
60,30,30,21.704,60.5891548,6.8,Good
60,30,30,10.38,83.0556521,6.11,Good
60,30,30,22.28,70.79014293,6.11,Good
60,30,30,22.28,68.51296487,6.7,Good
60,30,30,21.704,60.32426204,6.9,Good
60,30,30,23.56,72.25867462,6.7,Good
60,30,30,21.3,71.810865,6.8,Good
60,30,30,23.106,60.14655468,6.8,Good
60,30,30,27.016,60.10516551,6.5,Good
60,30,30,22.38,61.53530692,6.3,Good
60,30,30,10.38,83.3213551,6.7,Good
60,30,30,1.18,83.03316945,6.11,Moderate
60,30,30,20.8,77.36459682,6.11,Good
60,30,30,27.276,60.38476365,6.7,Good
60,30,30,18.58,77.9338728,7.0,Good
60,30,30,20.8,77.36459682,6.12,Good
60,30,30,1.18,83.03316945,6.1,Moderate
60,30,30,20.312,71.12880774,6.4,Good
60,30,30,21.3,74.36111891,6.11,Good
60,30,30,10.38,83.3147725,6.8,Good
60,30,30,20.312,70.87545264,6.1,Good
60,30,30,21.66,67.5702814,6.8,Good
60,30,30,22.28,67.2069322,6.9,Good
60,30,30,21.704,61.16176544,6.3,Good
60,30,30,22.766,59.88990181,6.7,Good
60,30,30,27.276,59.79987942,6.8,Good
60,30,30,22.38,60.56369612,7.0,Good
60,30,30,18.58,78.04346649,6.12,Good
60,30,30,30.26666667,54.4579586,6.7,Good
60,30,30,21.66,69.58582277,6.3,Good
60,30,30,21.66,70.33485827,6.1,Good
60,30,30,21.704,59.81202593,7.0,Good
60,30,30,27.016,60.25024491,6.6,Good
60,30,30,21.66,68.12501309,6.7,Good
60,30,30,18.58,78.26747591,6.8,Good
60,30,30,20.312,70.99600649,6.6,Good
60,30,30,18.58,78.24984503,6.7,Good
60,30,30,23.56,72.3547013,6.1,Good
60,30,30,22.38,61.14758048,6.4,Good
60,30,30,25.46,83.01650821,7.0,Good
60,30,30,27.276,59.76217968,6.9,Good
60,30,30,21.66,66.58114509,7.0,Good
60,30,30,18.58,78.32127661,6.6,Good
60,30,30,12.5,78.70474621,6.3,Good
60,30,30,27.276,60.25566703,6.6,Good
60,30,30,30.26666667,54.15948401,6.1,Good
60,30,30,20.312,70.85704728,6.11,Good
60,30,30,22.28,69.39049371,6.4,Good
60,30,30,22.766,59.80560463,6.6,Good
60,30,30,20.312,71.27145077,6.5,Good
60,30,30,21.704,60.89073265,6.7,Good
60,30,30,25.46,84.26561168,6.11,Good
60,30,30,21.3,73.09554971,6.5,Good
60,30,30,14.7,83.07176101,6.11,Good
60,30,30,12.5,78.28949639,6.1,Good
60,30,30,14.6,81.32518276,6.5,Good
60,30,30,28.64818182,84.43423445,6.4,Good
60,30,30,22.38,60.88523853,6.9,Good
60,30,30,1.18,83.30030815,6.8,Moderate
60,30,30,21.66,70.30445613,6.11,Good
60,30,30,22.38,61.11520858,6.8,Good
60,30,30,10.38,83.30339835,6.4,Good
60,30,30,25.574,59.94858464,7.0,Good
60,30,30,25.574,61.55648494,6.3,Good
60,30,30,30.26666667,54.14966114,6.11,Good
60,30,30,14.6,81.26812284,6.7,Good
60,30,30,10.38,83.305584,6.3,Good
60,30,30,20.8,77.0856663,6.4,Good
60,30,30,12.5,78.09706671,7.0,Good
60,30,30,25.46,84.29310033,6.1,Good
60,30,30,15.852,70.68281213,6.6,Good
60,30,30,22.28,70.82054507,6.1,Good
60,30,30,14.7,83.07176101,6.1,Good
60,30,30,27.276,59.6106559,7.0,Good
60,30,30,21.3,70.40707889,7.0,Good
60,30,30,10.38,83.35989672,6.5,Good
60,30,30,14.6,80.95484469,6.9,Good
60,30,30,22.38,61.11150761,6.12,Good
60,30,30,14.7,83.33595568,6.8,Good
60,30,30,23.56,69.97963935,7.0,Good
60,30,30,14.6,80.70241449,7.0,Good
60,30,30,22.38,61.11781697,6.11,Good
60,30,30,25.44,84.26561168,6.11,Good
60,30,30,30.26666667,54.27707728,6.6,Good
60,30,30,21.3,73.77532355,6.3,Good
60,30,30,1.18,83.28263304,6.6,Moderate
60,30,30,15.852,70.59724674,6.12,Good
60,30,30,14.6,81.28613516,6.6,Good
60,30,30,14.7,83.32032278,6.4,Good
60,30,30,14.7,83.07176101,6.12,Good
60,30,30,21.704,60.39211374,6.1,Good
60,30,30,30.26666667,54.04927384,6.12,Good
60,30,30,12.5,78.59171422,6.4,Good
60,30,30,21.704,60.52997823,6.4,Good
60,30,30,28.64818182,84.4105289,6.5,Good
60,30,30,22.38,61.36242191,6.7,Good
60,30,30,1.18,83.28091571,6.4,Moderate
60,30,30,22.38,61.12831545,6.1,Good
60,30,30,28.64818182,84.89383761,6.1,Good
60,30,30,18.92,70.9275511,7.0,Good
60,30,30,10.38,83.0556521,6.1,Good
60,30,30,21.66,68.5771155,6.5,Good
60,30,30,21.482,60.03760711,6.1,Good
60,30,30,14.7,83.10455722,7.0,Good
60,30,30,23.56,72.54444254,6.5,Good
60,30,30,21.66,70.29814678,6.12,Good
60,30,30,28.64818182,84.40167034,6.6,Good
60,30,30,18.92,70.69786733,6.1,Good
60,30,30,12.5,78.43823179,6.8,Good
60,30,30,18.58,78.03475947,6.9,Good
60,30,30,18.58,78.30308994,6.4,Good
60,30,30,30.26666667,54.52428446,6.9,Good
60,30,30,21.3,72.9966482,6.4,Good
60,30,30,30.26666667,54.24975495,6.4,Good
60,30,30,10.38,83.0556521,6.12,Good
60,30,30,1.18,83.1364118,6.9,Moderate
60,30,30,25.44,83.01650821,7.0,Good
60,30,30,25.574,61.69884024,6.11,Good
60,30,30,28.64818182,84.34429056,6.7,Good
60,30,30,14.7,83.31927011,6.6,Good
60,30,30,25.574,61.75876539,6.1,Good
60,30,30,25.46,84.26132388,6.12,Good
60,30,30,25.574,60.90480373,6.6,Good
60,30,30,21.66,68.97106625,6.4,Good
60,30,30,25.574,60.72107188,6.5,Good
60,30,30,1.18,83.34543237,6.5,Moderate
60,30,30,12.5,78.6955224,6.5,Good
60,30,30,14.6,81.26020463,6.4,Good
60,30,30,16.82,70.43079838,6.9,Good
60,30,30,18.92,70.67946196,6.11,Good
